title,price,meterage,district,link,floor,build_year,rooms
68متر *دوخوابه *پارکینگ آسانسور سند تکبرگ,7800000000,68.0,جنت‌آباد جنوبی,https://divar.ir/v/68%D9%85%D8%AA%D8%B1-%D8%AF%D9%88%D8%AE%D9%88%D8%A7%D8%A8%D9%87-%D9%BE%D8%A7%D8%B1%DA%A9%DB%8C%D9%86%DA%AF-%D8%A2%D8%B3%D8%A7%D9%86%D8%B3%D9%88%D8%B1-%D8%B3%D9%86%D8%AF-%D8%AA%DA%A9%D8%A8%D8%B1%DA%AF/ga1F-bfZ?tracker_session_id=b7595e75-98b5-4efc-919d-5c7911fff515_ga1F-bfZ_P,۲,۱۳۹۹,۲
آپارتمان ۶۱ متری غرق نور اتوبان آهنگ پارکینگ دار,7800000000,61.0,آهنگ,https://divar.ir/v/%D8%A2%D9%BE%D8%A7%D8%B1%D8%AA%D9%85%D8%A7%D9%86-%DB%B6%DB%B1-%D9%85%D8%AA%D8%B1%DB%8C-%D8%BA%D8%B1%D9%82-%D9%86%D9%88%D8%B1-%D8%A7%D8%AA%D9%88%D8%A8%D8%A7%D9%86-%D8%A2%D9%87%D9%86%DA%AF-%D9%BE%D8%A7%D8%B1%DA%A9%DB%8C%D9%86%DA%AF-%D8%AF%D8%A7%D8%B1/gakZIkoy?tracker_session_id=b7595e75-98b5-4efc-919d-5c7911fff515_gakZIkoy_P,۳ از ۵,۱۳۷۸,۱
۹۱متر/فول امکانات+تراس/ساخت۹۷/رویان,20900000000,91.0,کرمان,https://divar.ir/v/%DB%B9%DB%B1%D9%85%D8%AA%D8%B1-%D9%81%D9%88%D9%84-%D8%A7%D9%85%DA%A9%D8%A7%D9%86%D8%A7%D8%AA-%D8%AA%D8%B1%D8%A7%D8%B3-%D8%B3%D8%A7%D8%AE%D8%AA%DB%B9%DB%B7-%D8%B1%D9%88%DB%8C%D8%A7%D9%86/ga3xiY_v?tracker_session_id=b7595e75-98b5-4efc-919d-5c7911fff515_ga3xiY_v_N,۴ از ۶,۱۳۹۷,۲
۹۸متر/۲خواب/امیرآباد,27200000000,98.0,فاطمی,https://divar.ir/v/%DB%B9%DB%B8%D9%85%D8%AA%D8%B1-%DB%B2%D8%AE%D9%88%D8%A7%D8%A8-%D8%A7%D9%85%DB%8C%D8%B1%D8%A2%D8%A8%D8%A7%D8%AF/gabVz9z9?tracker_session_id=b7595e75-98b5-4efc-919d-5c7911fff515_gabVz9z9_N,۱,۱۴۰۱,۲
۶۰مترکمیل تک واحدی طبقه اول,5650000000,60.0,سلسبیل جنوبی,https://divar.ir/v/%DB%B6%DB%B0%D9%85%D8%AA%D8%B1%DA%A9%D9%85%DB%8C%D9%84-%D8%AA%DA%A9-%D9%88%D8%A7%D8%AD%D8%AF%DB%8C-%D8%B7%D8%A8%D9%82%D9%87-%D8%A7%D9%88%D9%84/ga3xSPV4?tracker_session_id=b7595e75-98b5-4efc-919d-5c7911fff515_ga3xSPV4_N,۱,۱۳۸۰,۱
قلب شهید عراقی* ۲۴۲متر، نیمه فرنیش/ لابی شیک/ 2p,153000000000,242.0,مهران (سیدخندان),https://divar.ir/v/%D9%82%D9%84%D8%A8-%D8%B4%D9%87%DB%8C%D8%AF-%D8%B9%D8%B1%D8%A7%D9%82%DB%8C-%DB%B2%DB%B4%DB%B2%D9%85%D8%AA%D8%B1-%D9%86%DB%8C%D9%85%D9%87-%D9%81%D8%B1%D9%86%DB%8C%D8%B4-%D9%84%D8%A7%D8%A8%DB%8C-%D8%B4%DB%8C%DA%A9-2p/ga3tCrgF?tracker_session_id=b7595e75-98b5-4efc-919d-5c7911fff515_ga3tCrgF_N,۳ از ۵,۱۴۰۴,۳
۱۰۰متر،سرمایه گزاری،مشاعات آبی فعال,38500000000,100.0,سعادت‌آباد,https://divar.ir/v/%DB%B1%DB%B0%DB%B0%D9%85%D8%AA%D8%B1-%D8%B3%D8%B1%D9%85%D8%A7%DB%8C%D9%87-%DA%AF%D8%B2%D8%A7%D8%B1%DB%8C-%D9%85%D8%B4%D8%A7%D8%B9%D8%A7%D8%AA-%D8%A2%D8%A8%DB%8C-%D9%81%D8%B9%D8%A7%D9%84/ga3tSBwd?tracker_session_id=b7595e75-98b5-4efc-919d-5c7911fff515_ga3tSBwd_N,۱,۱۳۸۸,۲
۸۰متر ۲خواب طبقه همکف تاپ لوکیشن,8950000000,80.0,جیحون,https://divar.ir/v/%DB%B8%DB%B0%D9%85%D8%AA%D8%B1-%DB%B2%D8%AE%D9%88%D8%A7%D8%A8-%D8%B7%D8%A8%D9%82%D9%87-%D9%87%D9%85%DA%A9%D9%81-%D8%AA%D8%A7%D9%BE-%D9%84%D9%88%DA%A9%DB%8C%D8%B4%D9%86/ga3titu0?tracker_session_id=b7595e75-98b5-4efc-919d-5c7911fff515_ga3titu0_N,,,
110متر/شمال حبیب‌الله/سالن پرده خور,30500000000,110.0,دریان‌نو,https://divar.ir/v/110%D9%85%D8%AA%D8%B1-%D8%B4%D9%85%D8%A7%D9%84-%D8%AD%D8%A8%DB%8C%D8%A8-%D8%A7%D9%84%D9%84%D9%87-%D8%B3%D8%A7%D9%84%D9%86-%D9%BE%D8%B1%D8%AF%D9%87-%D8%AE%D9%88%D8%B1/ga3xyMP6?tracker_session_id=b7595e75-98b5-4efc-919d-5c7911fff515_ga3xyMP6_N,۵,۱۳۹۸,۲
۸۷متر/۲خواب/۸ساله/تاپ لوکیشن/فایل شخصی,25000000000,87.0,جنت‌آباد جنوبی,https://divar.ir/v/%DB%B8%DB%B7%D9%85%D8%AA%D8%B1-%DB%B2%D8%AE%D9%88%D8%A7%D8%A8-%DB%B8%D8%B3%D8%A7%D9%84%D9%87-%D8%AA%D8%A7%D9%BE-%D9%84%D9%88%DA%A9%DB%8C%D8%B4%D9%86-%D9%81%D8%A7%DB%8C%D9%84-%D8%B4%D8%AE%D8%B5%DB%8C/ga2t96Rt?tracker_session_id=b7595e75-98b5-4efc-919d-5c7911fff515_ga2t96Rt_N,۱,۱۳۹۸,۲
۵۵ متر نوساز منطقه ۱۱ تهران,6875000000,55.0,عباسی,https://divar.ir/v/%DB%B5%DB%B5-%D9%85%D8%AA%D8%B1-%D9%86%D9%88%D8%B3%D8%A7%D8%B2-%D9%85%D9%86%D8%B7%D9%82%D9%87-%DB%B1%DB%B1-%D8%AA%D9%87%D8%B1%D8%A7%D9%86/ga3ti1j3?tracker_session_id=b7595e75-98b5-4efc-919d-5c7911fff515_ga3ti1j3_N,۱ از ۵,۱۴۰۴,۱
۹۴متر/ سالن پرده خور/تاپ لوکیشن چهارباغ,25200000000,94.0,جنت‌آباد جنوبی,https://divar.ir/v/%DB%B9%DB%B4%D9%85%D8%AA%D8%B1-%D8%B3%D8%A7%D9%84%D9%86-%D9%BE%D8%B1%D8%AF%D9%87-%D8%AE%D9%88%D8%B1-%D8%AA%D8%A7%D9%BE-%D9%84%D9%88%DA%A9%DB%8C%D8%B4%D9%86-%DA%86%D9%87%D8%A7%D8%B1%D8%A8%D8%A7%D8%BA/ga3xyL7P?tracker_session_id=b7595e75-98b5-4efc-919d-5c7911fff515_ga3xyL7P_N,,,
۲۱۵متر-۴خواب-کلیدنخورده-تراس بزرگ,84500000000,215.0,جردن,https://divar.ir/v/%DB%B2%DB%B1%DB%B5%D9%85%D8%AA%D8%B1-%DB%B4%D8%AE%D9%88%D8%A7%D8%A8-%DA%A9%D9%84%DB%8C%D8%AF%D9%86%D8%AE%D9%88%D8%B1%D8%AF%D9%87-%D8%AA%D8%B1%D8%A7%D8%B3-%D8%A8%D8%B2%D8%B1%DA%AF/ga3xyMST?tracker_session_id=b7595e75-98b5-4efc-919d-5c7911fff515_ga3xyMST_N,۳,۱۴۰۴,۴
۷۰متر ۲خواب ده ساله. فردوس غرب,19500000000,70.0,ارم,https://divar.ir/v/%DB%B7%DB%B0%D9%85%D8%AA%D8%B1-%DB%B2%D8%AE%D9%88%D8%A7%D8%A8-%D8%AF%D9%87-%D8%B3%D8%A7%D9%84%D9%87-%D9%81%D8%B1%D8%AF%D9%88%D8%B3-%D8%BA%D8%B1%D8%A8/gao5qpBs?tracker_session_id=b7595e75-98b5-4efc-919d-5c7911fff515_gao5qpBs_N,۴,۱۳۹۳,۲
۱۰۷متر ۲خواب/فول مشاعات / ولنجک هشترودی / زیرقیمت,40000000000,107.0,ولنجک,https://divar.ir/v/%DB%B1%DB%B0%DB%B7%D9%85%D8%AA%D8%B1-%DB%B2%D8%AE%D9%88%D8%A7%D8%A8-%D9%81%D9%88%D9%84-%D9%85%D8%B4%D8%A7%D8%B9%D8%A7%D8%AA-%D9%88%D9%84%D9%86%D8%AC%DA%A9-%D9%87%D8%B4%D8%AA%D8%B1%D9%88%D8%AF%DB%8C-%D8%B2%DB%8C%D8%B1%D9%82%DB%8C%D9%85%D8%AA/gauZ_1Lq?tracker_session_id=b7595e75-98b5-4efc-919d-5c7911fff515_gauZ_1Lq_N,۲,۱۴۰۰,۲
۷۲ متر ۲خوابه تکواحدی جمهوری سلیمانیه داداشیان,9500000000,72.0,زنجان جنوبی,https://divar.ir/v/%DB%B7%DB%B2-%D9%85%D8%AA%D8%B1-%DB%B2%D8%AE%D9%88%D8%A7%D8%A8%D9%87-%D8%AA%DA%A9%D9%88%D8%A7%D8%AD%D8%AF%DB%8C-%D8%AC%D9%85%D9%87%D9%88%D8%B1%DB%8C-%D8%B3%D9%84%DB%8C%D9%85%D8%A7%D9%86%DB%8C%D9%87-%D8%AF%D8%A7%D8%AF%D8%A7%D8%B4%DB%8C%D8%A7%D9%86/ga3xCMu4?tracker_session_id=b7595e75-98b5-4efc-919d-5c7911fff515_ga3xCMu4_N,۳ از ۴,۱۳۹۲,۲
124متر/3خوابه/فول/ابوذر/علامه امینی,32500000000,124.0,آهنگ,https://divar.ir/v/124%D9%85%D8%AA%D8%B1-3%D8%AE%D9%88%D8%A7%D8%A8%D9%87-%D9%81%D9%88%D9%84-%D8%A7%D8%A8%D9%88%D8%B0%D8%B1-%D8%B9%D9%84%D8%A7%D9%85%D9%87-%D8%A7%D9%85%DB%8C%D9%86%DB%8C/gauEFMQk?tracker_session_id=b7595e75-98b5-4efc-919d-5c7911fff515_gauEFMQk_N,۵,۱۳۹۳,۳
فروش اپارتمان ۸۸ متر دو خواب,15500000000,88.0,ابوذر,https://divar.ir/v/%D9%81%D8%B1%D9%88%D8%B4-%D8%A7%D9%BE%D8%A7%D8%B1%D8%AA%D9%85%D8%A7%D9%86-%DB%B8%DB%B8-%D9%85%D8%AA%D8%B1-%D8%AF%D9%88-%D8%AE%D9%88%D8%A7%D8%A8/ga3tSlqs?tracker_session_id=b7595e75-98b5-4efc-919d-5c7911fff515_ga3tSlqs_N,۵ از ۶,۱۳۹۳,۲
89 متر 2 خواب//فردوس غرب/ورزی شمالی/تهاتر,25500000000,89.0,شهرک پرواز,https://divar.ir/v/89-%D9%85%D8%AA%D8%B1-2-%D8%AE%D9%88%D8%A7%D8%A8-%D9%81%D8%B1%D8%AF%D9%88%D8%B3-%D8%BA%D8%B1%D8%A8-%D9%88%D8%B1%D8%B2%DB%8C-%D8%B4%D9%85%D8%A7%D9%84%DB%8C-%D8%AA%D9%87%D8%A7%D8%AA%D8%B1/ga3ty5c3?tracker_session_id=b7595e75-98b5-4efc-919d-5c7911fff515_ga3ty5c3_N,۴,۱۳۹۹,۲
آپارتمان ۳۷ متری/با پارکینگ,5450000000,37.0,هاشمی,https://divar.ir/v/%D8%A2%D9%BE%D8%A7%D8%B1%D8%AA%D9%85%D8%A7%D9%86-%DB%B3%DB%B7-%D9%85%D8%AA%D8%B1%DB%8C-%D8%A8%D8%A7-%D9%BE%D8%A7%D8%B1%DA%A9%DB%8C%D9%86%DA%AF/ga3tC3L1?tracker_session_id=b7595e75-98b5-4efc-919d-5c7911fff515_ga3tC3L1_N,۴,۱۳۹۵,۲
91 متر بر اینانلو /تهاتر /سرمایه گذاری,27250000000,91.0,سازمان برنامه جنوبی,https://divar.ir/v/91-%D9%85%D8%AA%D8%B1-%D8%A8%D8%B1-%D8%A7%DB%8C%D9%86%D8%A7%D9%86%D9%84%D9%88-%D8%AA%D9%87%D8%A7%D8%AA%D8%B1-%D8%B3%D8%B1%D9%85%D8%A7%DB%8C%D9%87-%DA%AF%D8%B0%D8%A7%D8%B1%DB%8C/ga3tyXju?tracker_session_id=b7595e75-98b5-4efc-919d-5c7911fff515_ga3tyXju_N,۵,۱۳۹۹,۲
۱۵۰متر/کلید نخورده/سپهر مرزداران,74470000000,150.0,پردیسان,https://divar.ir/v/%DB%B1%DB%B5%DB%B0%D9%85%D8%AA%D8%B1-%DA%A9%D9%84%DB%8C%D8%AF-%D9%86%D8%AE%D9%88%D8%B1%D8%AF%D9%87-%D8%B3%D9%BE%D9%87%D8%B1-%D9%85%D8%B1%D8%B2%D8%AF%D8%A7%D8%B1%D8%A7%D9%86/gaCNze5x?tracker_session_id=b7595e75-98b5-4efc-919d-5c7911fff515_gaCNze5x_N,۴,۱۴۰۴,۳
ولنجک زیر سیزدهم/300متر 4خواب/فول مشاعات/برج باغ,165000000000,300.0,ولنجک,https://divar.ir/v/%D9%88%D9%84%D9%86%D8%AC%DA%A9-%D8%B2%DB%8C%D8%B1-%D8%B3%DB%8C%D8%B2%D8%AF%D9%87%D9%85-300%D9%85%D8%AA%D8%B1-4%D8%AE%D9%88%D8%A7%D8%A8-%D9%81%D9%88%D9%84-%D9%85%D8%B4%D8%A7%D8%B9%D8%A7%D8%AA-%D8%A8%D8%B1%D8%AC-%D8%A8%D8%A7%D8%BA/gavV2NWA?tracker_session_id=b7595e75-98b5-4efc-919d-5c7911fff515_gavV2NWA_N,۸,۱۳۹۸,۴
65متر/تک خواب/فول/بازسازی شده,17360000000,65.0,اباذر,https://divar.ir/v/65%D9%85%D8%AA%D8%B1-%D8%AA%DA%A9-%D8%AE%D9%88%D8%A7%D8%A8-%D9%81%D9%88%D9%84-%D8%A8%D8%A7%D8%B2%D8%B3%D8%A7%D8%B2%DB%8C-%D8%B4%D8%AF%D9%87/ga3tSYRE?tracker_session_id=b7595e75-98b5-4efc-919d-5c7911fff515_ga3tSYRE_N,۲,۱۳۹۵,۱
پونک ایران زمین ۶۶متر طبقه اول,17500000000,66.0,سردارجنگل,https://divar.ir/v/%D9%BE%D9%88%D9%86%DA%A9-%D8%A7%DB%8C%D8%B1%D8%A7%D9%86-%D8%B2%D9%85%DB%8C%D9%86-%DB%B6%DB%B6%D9%85%D8%AA%D8%B1-%D8%B7%D8%A8%D9%82%D9%87-%D8%A7%D9%88%D9%84/ga2N9nDe?tracker_session_id=b7595e75-98b5-4efc-919d-5c7911fff515_ga2N9nDe_N,۱,۱۳۸۰,۲
اپارتمان مسعودیه ۶۵متر نوساز فول,8100000000,65.0,مسعودیه,https://divar.ir/v/%D8%A7%D9%BE%D8%A7%D8%B1%D8%AA%D9%85%D8%A7%D9%86-%D9%85%D8%B3%D8%B9%D9%88%D8%AF%DB%8C%D9%87-%DB%B6%DB%B5%D9%85%D8%AA%D8%B1-%D9%86%D9%88%D8%B3%D8%A7%D8%B2-%D9%81%D9%88%D9%84/gaPJ3Abc?tracker_session_id=b7595e75-98b5-4efc-919d-5c7911fff515_gaPJ3Abc_N,,,
۶۳متری سالن پرده خور/فردوس غرب/مالک فروشنده,14800000000,63.0,سازمان برنامه شمالی,https://divar.ir/v/%DB%B6%DB%B3%D9%85%D8%AA%D8%B1%DB%8C-%D8%B3%D8%A7%D9%84%D9%86-%D9%BE%D8%B1%D8%AF%D9%87-%D8%AE%D9%88%D8%B1-%D9%81%D8%B1%D8%AF%D9%88%D8%B3-%D8%BA%D8%B1%D8%A8-%D9%85%D8%A7%D9%84%DA%A9-%D9%81%D8%B1%D9%88%D8%B4%D9%86%D8%AF%D9%87/gashrbP7?tracker_session_id=b7595e75-98b5-4efc-919d-5c7911fff515_gashrbP7_N,۲ از ۴,۱۳۸۴,۱
۴۲ متر / فول امکانات / استخر,8500000000,42.0,استخر,https://divar.ir/v/%DB%B4%DB%B2-%D9%85%D8%AA%D8%B1-%D9%81%D9%88%D9%84-%D8%A7%D9%85%DA%A9%D8%A7%D9%86%D8%A7%D8%AA-%D8%A7%D8%B3%D8%AA%D8%AE%D8%B1/ga3pimO-?tracker_session_id=b7595e75-98b5-4efc-919d-5c7911fff515_ga3pimO-_N,۲,۱۳۸۷,۱
51 متر. یک خواب. بازسازی کامل,8200000000,51.0,تهران‌نو,https://divar.ir/v/51-%D9%85%D8%AA%D8%B1-%DB%8C%DA%A9-%D8%AE%D9%88%D8%A7%D8%A8-%D8%A8%D8%A7%D8%B2%D8%B3%D8%A7%D8%B2%DB%8C-%DA%A9%D8%A7%D9%85%D9%84/gaudAg5R?tracker_session_id=b7595e75-98b5-4efc-919d-5c7911fff515_gaudAg5R_N,۳ از ۵,۱۳۸۷,۱
77 متر 2 خواب خوش نقشه,6300000000,77.0,بلورسازی,https://divar.ir/v/77-%D9%85%D8%AA%D8%B1-2-%D8%AE%D9%88%D8%A7%D8%A8-%D8%AE%D9%88%D8%B4-%D9%86%D9%82%D8%B4%D9%87/gautTIDU?tracker_session_id=b7595e75-98b5-4efc-919d-5c7911fff515_gautTIDU_N,۲ از ۴,۱۳۸۰,۲
اپارتمان مسعودیه ۸۳متر فول ۳نبش,9200000000,83.0,مسعودیه,https://divar.ir/v/%D8%A7%D9%BE%D8%A7%D8%B1%D8%AA%D9%85%D8%A7%D9%86-%D9%85%D8%B3%D8%B9%D9%88%D8%AF%DB%8C%D9%87-%DB%B8%DB%B3%D9%85%D8%AA%D8%B1-%D9%81%D9%88%D9%84-%DB%B3%D9%86%D8%A8%D8%B4/gaVFwmz1?tracker_session_id=b7595e75-98b5-4efc-919d-5c7911fff515_gaVFwmz1_N,۵ از ۵,۱۳۹۶,۲
۱۱۲مترسالن پرده خورقابلیت 2پارکینگ تهرانپارس غربی,28300000000,112.0,تهرانپارس غربی,https://divar.ir/v/%DB%B1%DB%B1%DB%B2%D9%85%D8%AA%D8%B1%D8%B3%D8%A7%D9%84%D9%86-%D9%BE%D8%B1%D8%AF%D9%87-%D8%AE%D9%88%D8%B1%D9%82%D8%A7%D8%A8%D9%84%DB%8C%D8%AA-2%D9%BE%D8%A7%D8%B1%DA%A9%DB%8C%D9%86%DA%AF-%D8%AA%D9%87%D8%B1%D8%A7%D9%86%D9%BE%D8%A7%D8%B1%D8%B3-%D8%BA%D8%B1%D8%A8%DB%8C/ga2pek13?tracker_session_id=b7595e75-98b5-4efc-919d-5c7911fff515_ga2pek13_N,۳ از ۵,۱۳۹۲,۲
جردن ۱۷۲ متر تکواحدی طبقه آخر,59000000000,172.0,امانیه,https://divar.ir/v/%D8%AC%D8%B1%D8%AF%D9%86-%DB%B1%DB%B7%DB%B2-%D9%85%D8%AA%D8%B1-%D8%AA%DA%A9%D9%88%D8%A7%D8%AD%D8%AF%DB%8C-%D8%B7%D8%A8%D9%82%D9%87-%D8%A2%D8%AE%D8%B1/gaCtkiQf?tracker_session_id=b7595e75-98b5-4efc-919d-5c7911fff515_gaCtkiQf_N,۶,۱۳۹۲,۳
فرمانیه سنبل ۲۵۰ متر سه خواب,150000000000,250.0,فرمانیه,https://divar.ir/v/%D9%81%D8%B1%D9%85%D8%A7%D9%86%DB%8C%D9%87-%D8%B3%D9%86%D8%A8%D9%84-%DB%B2%DB%B5%DB%B0-%D9%85%D8%AA%D8%B1-%D8%B3%D9%87-%D8%AE%D9%88%D8%A7%D8%A8/ga3tSZiV?tracker_session_id=b7595e75-98b5-4efc-919d-5c7911fff515_ga3tSZiV_N,۴,۱۳۹۰,۳
فروش اپارتمان ۱۰۶ متری در قیطریه,33800000000,106.0,چیذر,https://divar.ir/v/%D9%81%D8%B1%D9%88%D8%B4-%D8%A7%D9%BE%D8%A7%D8%B1%D8%AA%D9%85%D8%A7%D9%86-%DB%B1%DB%B0%DB%B6-%D9%85%D8%AA%D8%B1%DB%8C-%D8%AF%D8%B1-%D9%82%DB%8C%D8%B7%D8%B1%DB%8C%D9%87/ga3hyhwp?tracker_session_id=b7595e75-98b5-4efc-919d-5c7911fff515_ga3hyhwp_N,۴ از ۵,۱۳۹۳,۲
۹۰متر ۲ خواب ساختمان کم واحد. روبه نما. تراورتن,24500000000,90.0,سازمان برنامه جنوبی,https://divar.ir/v/%DB%B9%DB%B0%D9%85%D8%AA%D8%B1-%DB%B2-%D8%AE%D9%88%D8%A7%D8%A8-%D8%B3%D8%A7%D8%AE%D8%AA%D9%85%D8%A7%D9%86-%DA%A9%D9%85-%D9%88%D8%A7%D8%AD%D8%AF-%D8%B1%D9%88%D8%A8%D9%87-%D9%86%D9%85%D8%A7-%D8%AA%D8%B1%D8%A7%D9%88%D8%B1%D8%AA%D9%86/gaStJwsj?tracker_session_id=b7595e75-98b5-4efc-919d-5c7911fff515_gaStJwsj_N,۴,۱۳۹۸,۲
۸۶ متر فول امکانات (مترو بریانک),13800000000,86.0,بریانک,https://divar.ir/v/%DB%B8%DB%B6-%D9%85%D8%AA%D8%B1-%D9%81%D9%88%D9%84-%D8%A7%D9%85%DA%A9%D8%A7%D9%86%D8%A7%D8%AA-%D9%85%D8%AA%D8%B1%D9%88-%D8%A8%D8%B1%DB%8C%D8%A7%D9%86%DA%A9/ga3tin9X?tracker_session_id=b7595e75-98b5-4efc-919d-5c7911fff515_ga3tin9X_N,۵ از ۵,۱۴۰۳,۲
۸۰متر/با امکانات /ایزدپناه، اردیبهشت جنوبی,15800000000,80.0,تهرانپارس غربی,https://divar.ir/v/%DB%B8%DB%B0%D9%85%D8%AA%D8%B1-%D8%A8%D8%A7-%D8%A7%D9%85%DA%A9%D8%A7%D9%86%D8%A7%D8%AA-%D8%A7%DB%8C%D8%B2%D8%AF%D9%BE%D9%86%D8%A7%D9%87-%D8%A7%D8%B1%D8%AF%DB%8C%D8%A8%D9%87%D8%B4%D8%AA-%D8%AC%D9%86%D9%88%D8%A8%DB%8C/ga3timjA?tracker_session_id=b7595e75-98b5-4efc-919d-5c7911fff515_ga3timjA_N,۱ از ۵,۱۳۸۶,۲
64 متر نواب ۲خوابه فول امکانات,9900000000,64.0,سلسبیل جنوبی,https://divar.ir/v/64-%D9%85%D8%AA%D8%B1-%D9%86%D9%88%D8%A7%D8%A8-%DB%B2%D8%AE%D9%88%D8%A7%D8%A8%D9%87-%D9%81%D9%88%D9%84-%D8%A7%D9%85%DA%A9%D8%A7%D9%86%D8%A7%D8%AA/ga3twITU?tracker_session_id=b7595e75-98b5-4efc-919d-5c7911fff515_ga3twITU_N,۲,۱۳۸۶,۲
واحد ۱۱۰ متری /شمالی ویو دار /شهرک خرازی چیتگر,16400000000,110.0,شهرک خرازی,https://divar.ir/v/%D9%88%D8%A7%D8%AD%D8%AF-%DB%B1%DB%B1%DB%B0-%D9%85%D8%AA%D8%B1%DB%8C-%D8%B4%D9%85%D8%A7%D9%84%DB%8C-%D9%88%DB%8C%D9%88-%D8%AF%D8%A7%D8%B1-%D8%B4%D9%87%D8%B1%DA%A9-%D8%AE%D8%B1%D8%A7%D8%B2%DB%8C-%DA%86%DB%8C%D8%AA%DA%AF%D8%B1/ga3tiWC4?tracker_session_id=b7595e75-98b5-4efc-919d-5c7911fff515_ga3tiWC4_N,۲۳,۱۴۰۲,۲
آپارتمان ۴۵ متر با آسانسور ( نیکفر ),6600000000,45.0,بریانک,https://divar.ir/v/%D8%A2%D9%BE%D8%A7%D8%B1%D8%AA%D9%85%D8%A7%D9%86-%DB%B4%DB%B5-%D9%85%D8%AA%D8%B1-%D8%A8%D8%A7-%D8%A2%D8%B3%D8%A7%D9%86%D8%B3%D9%88%D8%B1-%D9%86%DB%8C%DA%A9%D9%81%D8%B1/gaOBVUF-?tracker_session_id=b7595e75-98b5-4efc-919d-5c7911fff515_gaOBVUF-_N,۱ از ۴,۱۳۹۵,۱
112متر دو خواب * نور جنوب * باغ بهشت,78400000000,112.0,سعادت‌آباد,https://divar.ir/v/112%D9%85%D8%AA%D8%B1-%D8%AF%D9%88-%D8%AE%D9%88%D8%A7%D8%A8-%D9%86%D9%88%D8%B1-%D8%AC%D9%86%D9%88%D8%A8-%D8%A8%D8%A7%D8%BA-%D8%A8%D9%87%D8%B4%D8%AA/gay0IjQk?tracker_session_id=b7595e75-98b5-4efc-919d-5c7911fff515_gay0IjQk_N,۴,۱۴۰۰,۲
۵۵ متر رو ب آفتاب بازسازی کامل مناسب عروس و داماد,7700000000,55.0,تهرانپارس شرقی,https://divar.ir/v/%DB%B5%DB%B5-%D9%85%D8%AA%D8%B1-%D8%B1%D9%88-%D8%A8-%D8%A2%D9%81%D8%AA%D8%A7%D8%A8-%D8%A8%D8%A7%D8%B2%D8%B3%D8%A7%D8%B2%DB%8C-%DA%A9%D8%A7%D9%85%D9%84-%D9%85%D9%86%D8%A7%D8%B3%D8%A8-%D8%B9%D8%B1%D9%88%D8%B3-%D9%88-%D8%AF%D8%A7%D9%85%D8%A7%D8%AF/ga3tyNAw?tracker_session_id=b7595e75-98b5-4efc-919d-5c7911fff515_ga3tyNAw_N,۱,۱۳۹۰,۱
۹۳ متر / ۲ خواب / فول امکانات / دامپزشکی / ۲۱ متری,17800000000,93.0,دکتر هوشیار,https://divar.ir/v/%DB%B9%DB%B3-%D9%85%D8%AA%D8%B1-%DB%B2-%D8%AE%D9%88%D8%A7%D8%A8-%D9%81%D9%88%D9%84-%D8%A7%D9%85%DA%A9%D8%A7%D9%86%D8%A7%D8%AA-%D8%AF%D8%A7%D9%85%D9%BE%D8%B2%D8%B4%DA%A9%DB%8C-%DB%B2%DB%B1-%D9%85%D8%AA%D8%B1%DB%8C/ga3tCGwV?tracker_session_id=b7595e75-98b5-4efc-919d-5c7911fff515_ga3tCGwV_N,۳ از ۴,۱۳۹۰,۲
60متر/ سالن پرده خور. / پلان مهندسی,49000000000,60.0,باشگاه نفت,https://divar.ir/v/60%D9%85%D8%AA%D8%B1-%D8%B3%D8%A7%D9%84%D9%86-%D9%BE%D8%B1%D8%AF%D9%87-%D8%AE%D9%88%D8%B1-%D9%BE%D9%84%D8%A7%D9%86-%D9%85%D9%87%D9%86%D8%AF%D8%B3%DB%8C/ga3tCCos?tracker_session_id=b7595e75-98b5-4efc-919d-5c7911fff515_ga3tCCos_N,,,
فروش واحد ۵۰متری,4000000000,50.0,یافت آباد جنوبی,https://divar.ir/v/%D9%81%D8%B1%D9%88%D8%B4-%D9%88%D8%A7%D8%AD%D8%AF-%DB%B5%DB%B0%D9%85%D8%AA%D8%B1%DB%8C/gazJTbZe?tracker_session_id=b7595e75-98b5-4efc-919d-5c7911fff515_gazJTbZe_N,۱,۱۳۸۵,۱
۱۲۷ متر * ۲ خ * فول,16500000000,127.0,هفت چنار,https://divar.ir/v/%DB%B1%DB%B2%DB%B7-%D9%85%D8%AA%D8%B1-%DB%B2-%D8%AE-%D9%81%D9%88%D9%84/ga0tjxRF?tracker_session_id=b7595e75-98b5-4efc-919d-5c7911fff515_ga0tjxRF_N,۵,۱۳۹۶,۲
۱۲۸ متر ۳ خ / فول امکانات / گذر پهن و عریض /تراوتن,28600000000,128.0,تهرانپارس غربی,https://divar.ir/v/%DB%B1%DB%B2%DB%B8-%D9%85%D8%AA%D8%B1-%DB%B3-%D8%AE-%D9%81%D9%88%D9%84-%D8%A7%D9%85%DA%A9%D8%A7%D9%86%D8%A7%D8%AA-%DA%AF%D8%B0%D8%B1-%D9%BE%D9%87%D9%86-%D9%88-%D8%B9%D8%B1%DB%8C%D8%B6-%D8%AA%D8%B1%D8%A7%D9%88%D8%AA%D9%86/ga3tyE7f?tracker_session_id=b7595e75-98b5-4efc-919d-5c7911fff515_ga3tyE7f_N,,,
۶۵ متر ۲ خواب امیریه ولیعصر,8000000000,65.0,امیریه,https://divar.ir/v/%DB%B6%DB%B5-%D9%85%D8%AA%D8%B1-%DB%B2-%D8%AE%D9%88%D8%A7%D8%A8-%D8%A7%D9%85%DB%8C%D8%B1%DB%8C%D9%87-%D9%88%D9%84%DB%8C%D8%B9%D8%B5%D8%B1/gaoJZAAU?tracker_session_id=b7595e75-98b5-4efc-919d-5c7911fff515_gaoJZAAU_N,,,
48متری/فول امکانات/پارکینگ دار,5580000000,48.0,مقدم,https://divar.ir/v/48%D9%85%D8%AA%D8%B1%DB%8C-%D9%81%D9%88%D9%84-%D8%A7%D9%85%DA%A9%D8%A7%D9%86%D8%A7%D8%AA-%D9%BE%D8%A7%D8%B1%DA%A9%DB%8C%D9%86%DA%AF-%D8%AF%D8%A7%D8%B1/ga3Vig3j?tracker_session_id=b7595e75-98b5-4efc-919d-5c7911fff515_ga3Vig3j_N,۳ از ۴,۱۳۹۴,۱
87 متر /پارکینگ/انباری/شبیه نوساز بازسازی شده,12100000000,87.0,دکتر هوشیار,https://divar.ir/v/87-%D9%85%D8%AA%D8%B1-%D9%BE%D8%A7%D8%B1%DA%A9%DB%8C%D9%86%DA%AF-%D8%A7%D9%86%D8%A8%D8%A7%D8%B1%DB%8C-%D8%B4%D8%A8%DB%8C%D9%87-%D9%86%D9%88%D8%B3%D8%A7%D8%B2-%D8%A8%D8%A7%D8%B2%D8%B3%D8%A7%D8%B2%DB%8C-%D8%B4%D8%AF%D9%87/ga3pS7b0?tracker_session_id=b7595e75-98b5-4efc-919d-5c7911fff515_ga3pS7b0_N,۴ از ۴,۱۴۰۲,۱
۵۶متر/۱خواب خوش نقشه آسانسور/انباری تراس,8400000000,56.0,وحیدیه,https://divar.ir/v/%DB%B5%DB%B6%D9%85%D8%AA%D8%B1-%DB%B1%D8%AE%D9%88%D8%A7%D8%A8-%D8%AE%D9%88%D8%B4-%D9%86%D9%82%D8%B4%D9%87-%D8%A2%D8%B3%D8%A7%D9%86%D8%B3%D9%88%D8%B1-%D8%A7%D9%86%D8%A8%D8%A7%D8%B1%DB%8C-%D8%AA%D8%B1%D8%A7%D8%B3/gaz9C6PP?tracker_session_id=b7595e75-98b5-4efc-919d-5c7911fff515_gaz9C6PP_N,۲,۱۳۹۴,۱
۱۰۲ متر سرتاسر پرده خور عکس ها واقعی ۷ ساله,27500000000,102.0,سازمان برنامه جنوبی,https://divar.ir/v/%DB%B1%DB%B0%DB%B2-%D9%85%D8%AA%D8%B1-%D8%B3%D8%B1%D8%AA%D8%A7%D8%B3%D8%B1-%D9%BE%D8%B1%D8%AF%D9%87-%D8%AE%D9%88%D8%B1-%D8%B9%DA%A9%D8%B3-%D9%87%D8%A7-%D9%88%D8%A7%D9%82%D8%B9%DB%8C-%DB%B7-%D8%B3%D8%A7%D9%84%D9%87/gaUxqz7o?tracker_session_id=b7595e75-98b5-4efc-919d-5c7911fff515_gaUxqz7o_N,۴,۱۳۹۸,۲
۵۱متر ۱خواب/سالن پرده خور/بازسازی/سرمایه گذاری,12750000000,51.0,فردوس,https://divar.ir/v/%DB%B5%DB%B1%D9%85%D8%AA%D8%B1-%DB%B1%D8%AE%D9%88%D8%A7%D8%A8-%D8%B3%D8%A7%D9%84%D9%86-%D9%BE%D8%B1%D8%AF%D9%87-%D8%AE%D9%88%D8%B1-%D8%A8%D8%A7%D8%B2%D8%B3%D8%A7%D8%B2%DB%8C-%D8%B3%D8%B1%D9%85%D8%A7%DB%8C%D9%87-%DA%AF%D8%B0%D8%A7%D8%B1%DB%8C/gal5dXwm?tracker_session_id=b7595e75-98b5-4efc-919d-5c7911fff515_gal5dXwm_N,۲,۱۳۸۳,۱
۶۵ م * ۲ خ * تکواحدی * لوکس,10500000000,65.0,جیحون,https://divar.ir/v/%DB%B6%DB%B5-%D9%85-%DB%B2-%D8%AE-%D8%AA%DA%A9%D9%88%D8%A7%D8%AD%D8%AF%DB%8C-%D9%84%D9%88%DA%A9%D8%B3/ga3pi4uu?tracker_session_id=b7595e75-98b5-4efc-919d-5c7911fff515_ga3pi4uu_N,۲,۱۳۸۵,۲
۴۵متر/تکواحدی/زیرهمکف/فول بازسازی شده,5200000000,45.0,سلسبیل شمالی,https://divar.ir/v/%DB%B4%DB%B5%D9%85%D8%AA%D8%B1-%D8%AA%DA%A9%D9%88%D8%A7%D8%AD%D8%AF%DB%8C-%D8%B2%DB%8C%D8%B1%D9%87%D9%85%DA%A9%D9%81-%D9%81%D9%88%D9%84-%D8%A8%D8%A7%D8%B2%D8%B3%D8%A7%D8%B2%DB%8C-%D8%B4%D8%AF%D9%87/gav1zlgk?tracker_session_id=b7595e75-98b5-4efc-919d-5c7911fff515_gav1zlgk_N,زیرهمکف از ۴,۱۳۸۶,۱
اپارتمان۵۰ متری طبقه سوم میر کاضمیان,5500000000,50.0,مختاری,https://divar.ir/v/%D8%A7%D9%BE%D8%A7%D8%B1%D8%AA%D9%85%D8%A7%D9%86%DB%B5%DB%B0-%D9%85%D8%AA%D8%B1%DB%8C-%D8%B7%D8%A8%D9%82%D9%87-%D8%B3%D9%88%D9%85-%D9%85%DB%8C%D8%B1-%DA%A9%D8%A7%D8%B6%D9%85%DB%8C%D8%A7%D9%86/gaTBkf_r?tracker_session_id=b7595e75-98b5-4efc-919d-5c7911fff515_gaTBkf_r_N,۳ از ۴,۱۳۷۹,۱
۷۲متر فول امکانات۳ساله بوستان سلماسی پرده خور,13800000000,72.0,سلسبیل شمالی,https://divar.ir/v/%DB%B7%DB%B2%D9%85%D8%AA%D8%B1-%D9%81%D9%88%D9%84-%D8%A7%D9%85%DA%A9%D8%A7%D9%86%D8%A7%D8%AA%DB%B3%D8%B3%D8%A7%D9%84%D9%87-%D8%A8%D9%88%D8%B3%D8%AA%D8%A7%D9%86-%D8%B3%D9%84%D9%85%D8%A7%D8%B3%DB%8C-%D9%BE%D8%B1%D8%AF%D9%87-%D8%AE%D9%88%D8%B1/gai5yf8E?tracker_session_id=b7595e75-98b5-4efc-919d-5c7911fff515_gai5yf8E_N,,,
۱۰۴متر نوساز * یک انتخاب خاص برای خاص پسندان *,28800000000,104.0,شهران جنوبی,https://divar.ir/v/%DB%B1%DB%B0%DB%B4%D9%85%D8%AA%D8%B1-%D9%86%D9%88%D8%B3%D8%A7%D8%B2-%DB%8C%DA%A9-%D8%A7%D9%86%D8%AA%D8%AE%D8%A7%D8%A8-%D8%AE%D8%A7%D8%B5-%D8%A8%D8%B1%D8%A7%DB%8C-%D8%AE%D8%A7%D8%B5-%D9%BE%D8%B3%D9%86%D8%AF%D8%A7%D9%86/ga3pi7SP?tracker_session_id=b7595e75-98b5-4efc-919d-5c7911fff515_ga3pi7SP_N,۳,۱۴۰۳,۲
۶۹متر ۲ خواب شاهین شمالی,21000000000,69.0,جنت‌آباد مرکزی,https://divar.ir/v/%DB%B6%DB%B9%D9%85%D8%AA%D8%B1-%DB%B2-%D8%AE%D9%88%D8%A7%D8%A8-%D8%B4%D8%A7%D9%87%DB%8C%D9%86-%D8%B4%D9%85%D8%A7%D9%84%DB%8C/gaph-viq?tracker_session_id=b7595e75-98b5-4efc-919d-5c7911fff515_gaph-viq_N,۳,۱۳۹۵,۲
86 متر دوخوابه غرب باقری ( بلوار اردیبهشت),15800000000,86.0,تهرانپارس غربی,https://divar.ir/v/86-%D9%85%D8%AA%D8%B1-%D8%AF%D9%88%D8%AE%D9%88%D8%A7%D8%A8%D9%87-%D8%BA%D8%B1%D8%A8-%D8%A8%D8%A7%D9%82%D8%B1%DB%8C-%D8%A8%D9%84%D9%88%D8%A7%D8%B1-%D8%A7%D8%B1%D8%AF%DB%8C%D8%A8%D9%87%D8%B4%D8%AA/ga3pCDme?tracker_session_id=b7595e75-98b5-4efc-919d-5c7911fff515_ga3pCDme_N,۲,۱۳۹۳,۲
۴۲ متر /فول امکانات/جیحون,5850000000,42.0,جیحون,https://divar.ir/v/%DB%B4%DB%B2-%D9%85%D8%AA%D8%B1-%D9%81%D9%88%D9%84-%D8%A7%D9%85%DA%A9%D8%A7%D9%86%D8%A7%D8%AA-%D8%AC%DB%8C%D8%AD%D9%88%D9%86/ga2tuH1t?tracker_session_id=b7595e75-98b5-4efc-919d-5c7911fff515_ga2tuH1t_N,۴,۱۳۹۲,۱
42 متر سوئیت / میدان 68,8200000000,42.0,هفت حوض,https://divar.ir/v/42-%D9%85%D8%AA%D8%B1-%D8%B3%D9%88%D8%A6%DB%8C%D8%AA-%D9%85%DB%8C%D8%AF%D8%A7%D9%86-68/ga3pitTH?tracker_session_id=b7595e75-98b5-4efc-919d-5c7911fff515_ga3pitTH_N,,,
۱۲۵متر / تک واحدی/ فول امکانات/ فوری فوری,14200000000,125.0,سلیمانی,https://divar.ir/v/%DB%B1%DB%B2%DB%B5%D9%85%D8%AA%D8%B1-%D8%AA%DA%A9-%D9%88%D8%A7%D8%AD%D8%AF%DB%8C-%D9%81%D9%88%D9%84-%D8%A7%D9%85%DA%A9%D8%A7%D9%86%D8%A7%D8%AA-%D9%81%D9%88%D8%B1%DB%8C-%D9%81%D9%88%D8%B1%DB%8C/ga0hzw0I?tracker_session_id=b7595e75-98b5-4efc-919d-5c7911fff515_ga0hzw0I_N,۵ از ۵,۱۳۹۵,۲
۵۱ متر/ فول بازسازی/ چهارراه شاپور,4950000000,51.0,امیریه,https://divar.ir/v/%DB%B5%DB%B1-%D9%85%D8%AA%D8%B1-%D9%81%D9%88%D9%84-%D8%A8%D8%A7%D8%B2%D8%B3%D8%A7%D8%B2%DB%8C-%DA%86%D9%87%D8%A7%D8%B1%D8%B1%D8%A7%D9%87-%D8%B4%D8%A7%D9%BE%D9%88%D8%B1/ga3hSjaT?tracker_session_id=b7595e75-98b5-4efc-919d-5c7911fff515_ga3hSjaT_N,۱,۱۳۸۴,۱
بلوار ابراهیم آباد برزگر رحیمی 75 متر فول دو خواب,7000000000,75.0,شادآباد,https://divar.ir/v/%D8%A8%D9%84%D9%88%D8%A7%D8%B1-%D8%A7%D8%A8%D8%B1%D8%A7%D9%87%DB%8C%D9%85-%D8%A2%D8%A8%D8%A7%D8%AF-%D8%A8%D8%B1%D8%B2%DA%AF%D8%B1-%D8%B1%D8%AD%DB%8C%D9%85%DB%8C-75-%D9%85%D8%AA%D8%B1-%D9%81%D9%88%D9%84-%D8%AF%D9%88-%D8%AE%D9%88%D8%A7%D8%A8/ga3RCRYK?tracker_session_id=b7595e75-98b5-4efc-919d-5c7911fff515_ga3RCRYK_N,۴ از ۵,۱۳۹۴,۲
۴۸متر/فول امکانات/شهیدکاظمی,7200000000,48.0,سلیمانی,https://divar.ir/v/%DB%B4%DB%B8%D9%85%D8%AA%D8%B1-%D9%81%D9%88%D9%84-%D8%A7%D9%85%DA%A9%D8%A7%D9%86%D8%A7%D8%AA-%D8%B4%D9%87%DB%8C%D8%AF%DA%A9%D8%A7%D8%B8%D9%85%DB%8C/ga3pSws1?tracker_session_id=b7595e75-98b5-4efc-919d-5c7911fff515_ga3pSws1_N,۳ از ۴,۱۳۹۵,۱
66متر دو خواب طبقه دوم تک,8100000000,66.0,افسریه شمالی,https://divar.ir/v/66%D9%85%D8%AA%D8%B1-%D8%AF%D9%88-%D8%AE%D9%88%D8%A7%D8%A8-%D8%B7%D8%A8%D9%82%D9%87-%D8%AF%D9%88%D9%85-%D8%AA%DA%A9/ga3dC8LD?tracker_session_id=b7595e75-98b5-4efc-919d-5c7911fff515_ga3dC8LD_N,۲,۱۳۸۹,۲
۶۷ متر طبقه اول,8250000000,67.0,جیحون,https://divar.ir/v/%DB%B6%DB%B7-%D9%85%D8%AA%D8%B1-%D8%B7%D8%A8%D9%82%D9%87-%D8%A7%D9%88%D9%84/gagpmAhy?tracker_session_id=b7595e75-98b5-4efc-919d-5c7911fff515_gagpmAhy_N,,,
۲۳۰ متر یک از چهار با ۱۱۰ متر قدرالسهم جردن فوری,55000000000,230.0,گاندی,https://divar.ir/v/%DB%B2%DB%B3%DB%B0-%D9%85%D8%AA%D8%B1-%DB%8C%DA%A9-%D8%A7%D8%B2-%DA%86%D9%87%D8%A7%D8%B1-%D8%A8%D8%A7-%DB%B1%DB%B1%DB%B0-%D9%85%D8%AA%D8%B1-%D9%82%D8%AF%D8%B1%D8%A7%D9%84%D8%B3%D9%87%D9%85-%D8%AC%D8%B1%D8%AF%D9%86-%D9%81%D9%88%D8%B1%DB%8C/gatoCmNT?tracker_session_id=b7595e75-98b5-4efc-919d-5c7911fff515_gatoCmNT_N,۴,۱۳۷۱,۴
هفت تیر بهار ۶۵ متر ۲ پارکینگ فول,15200000000,65.0,بهار,https://divar.ir/v/%D9%87%D9%81%D8%AA-%D8%AA%DB%8C%D8%B1-%D8%A8%D9%87%D8%A7%D8%B1-%DB%B6%DB%B5-%D9%85%D8%AA%D8%B1-%DB%B2-%D9%BE%D8%A7%D8%B1%DA%A9%DB%8C%D9%86%DA%AF-%D9%81%D9%88%D9%84/gatB6Uk9?tracker_session_id=b7595e75-98b5-4efc-919d-5c7911fff515_gatB6Uk9_N,۱ از ۴,۱۳۸۰,۱
۱۱۵متر/دوکله نور/شهرزیبا,25000000000,115.0,سازمان آب,https://divar.ir/v/%DB%B1%DB%B1%DB%B5%D9%85%D8%AA%D8%B1-%D8%AF%D9%88%DA%A9%D9%84%D9%87-%D9%86%D9%88%D8%B1-%D8%B4%D9%87%D8%B1%D8%B2%DB%8C%D8%A8%D8%A7/gaotUDTa?tracker_session_id=b7595e75-98b5-4efc-919d-5c7911fff515_gaotUDTa_N,۳ از ۵,۱۳۹۰,۲
آپارتمان لوکس ۱۸۳متر ولنجک,130000000000,183.0,زعفرانیه,https://divar.ir/v/%D8%A2%D9%BE%D8%A7%D8%B1%D8%AA%D9%85%D8%A7%D9%86-%D9%84%D9%88%DA%A9%D8%B3-%DB%B1%DB%B8%DB%B3%D9%85%D8%AA%D8%B1-%D9%88%D9%84%D9%86%D8%AC%DA%A9/ga3dCC_w?tracker_session_id=b7595e75-98b5-4efc-919d-5c7911fff515_ga3dCC_w_N,۳,۱۴۰۴,۳
۱۶۰ متر آپارتمان یک از دو با۱۵۰متر قدرالسهم,60000000000,160.0,کاج,https://divar.ir/v/%DB%B1%DB%B6%DB%B0-%D9%85%D8%AA%D8%B1-%D8%A2%D9%BE%D8%A7%D8%B1%D8%AA%D9%85%D8%A7%D9%86-%DB%8C%DA%A9-%D8%A7%D8%B2-%D8%AF%D9%88-%D8%A8%D8%A7%DB%B1%DB%B5%DB%B0%D9%85%D8%AA%D8%B1-%D9%82%D8%AF%D8%B1%D8%A7%D9%84%D8%B3%D9%87%D9%85/gahYLmFa?tracker_session_id=b7595e75-98b5-4efc-919d-5c7911fff515_gahYLmFa_N,۱ از ۲,۱۳۷۱,۳
۹۰متر/فول‌امکانات/براصلی/خوش‌نقشه,18100000000,90.0,جمال‌زاده,https://divar.ir/v/%DB%B9%DB%B0%D9%85%D8%AA%D8%B1-%D9%81%D9%88%D9%84-%D8%A7%D9%85%DA%A9%D8%A7%D9%86%D8%A7%D8%AA-%D8%A8%D8%B1%D8%A7%D8%B5%D9%84%DB%8C-%D8%AE%D9%88%D8%B4-%D9%86%D9%82%D8%B4%D9%87/ga39x5J3?tracker_session_id=b7595e75-98b5-4efc-919d-5c7911fff515_ga39x5J3_N,۱ از ۵,۱۳۹۵,۲
۵۶ متر زرتشت غربی,23500000000,56.0,بلوار کشاورز,https://divar.ir/v/%DB%B5%DB%B6-%D9%85%D8%AA%D8%B1-%D8%B2%D8%B1%D8%AA%D8%B4%D8%AA-%D8%BA%D8%B1%D8%A8%DB%8C/gafJDowg?tracker_session_id=b7595e75-98b5-4efc-919d-5c7911fff515_gafJDowg_N,۳ از ۵,۱۴۰۴,۱
آپارتمان۱۱۵م۱۲۲م۱۴۰م/تهرانسر۳خواب,23500000000,115.0,شهرک پاسداران,https://divar.ir/v/%D8%A2%D9%BE%D8%A7%D8%B1%D8%AA%D9%85%D8%A7%D9%86%DB%B1%DB%B1%DB%B5%D9%85%DB%B1%DB%B2%DB%B2%D9%85%DB%B1%DB%B4%DB%B0%D9%85-%D8%AA%D9%87%D8%B1%D8%A7%D9%86%D8%B3%D8%B1%DB%B3%D8%AE%D9%88%D8%A7%D8%A8/ga3liXhM?tracker_session_id=b7595e75-98b5-4efc-919d-5c7911fff515_ga3liXhM_N,۴,۱۴۰۴,۳
۷۶متر ۲خواب/ تکواحدی/فول/نوساز,17550000000,76.0,امامت,https://divar.ir/v/%DB%B7%DB%B6%D9%85%D8%AA%D8%B1-%DB%B2%D8%AE%D9%88%D8%A7%D8%A8-%D8%AA%DA%A9%D9%88%D8%A7%D8%AD%D8%AF%DB%8C-%D9%81%D9%88%D9%84-%D9%86%D9%88%D8%B3%D8%A7%D8%B2/ga2Zf8_f?tracker_session_id=b7595e75-98b5-4efc-919d-5c7911fff515_ga2Zf8_f_N,۴,۱۴۰۱,۲
۷۳متر ۲خواب/ پارکینگ/ تکواحدی/طبقه سوم,11250000000,73.0,تهران‌نو,https://divar.ir/v/%DB%B7%DB%B3%D9%85%D8%AA%D8%B1-%DB%B2%D8%AE%D9%88%D8%A7%D8%A8-%D9%BE%D8%A7%D8%B1%DA%A9%DB%8C%D9%86%DA%AF-%D8%AA%DA%A9%D9%88%D8%A7%D8%AD%D8%AF%DB%8C-%D8%B7%D8%A8%D9%82%D9%87-%D8%B3%D9%88%D9%85/gajsuc-R?tracker_session_id=b7595e75-98b5-4efc-919d-5c7911fff515_gajsuc-R_N,۳,۱۳۹۰,۲
55 متر نو ساز و کلید نخورده,19300000000,55.0,شاهین,https://divar.ir/v/55-%D9%85%D8%AA%D8%B1-%D9%86%D9%88-%D8%B3%D8%A7%D8%B2-%D9%88-%DA%A9%D9%84%DB%8C%D8%AF-%D9%86%D8%AE%D9%88%D8%B1%D8%AF%D9%87/ga3pSbjO?tracker_session_id=b7595e75-98b5-4efc-919d-5c7911fff515_ga3pSbjO_N,۱,۱۴۰۵,۱
90متر/حاجی صادقی / فول امکانات,23250000000,90.0,هفت حوض,https://divar.ir/v/90%D9%85%D8%AA%D8%B1-%D8%AD%D8%A7%D8%AC%DB%8C-%D8%B5%D8%A7%D8%AF%D9%82%DB%8C-%D9%81%D9%88%D9%84-%D8%A7%D9%85%DA%A9%D8%A7%D9%86%D8%A7%D8%AA/ga3liwmI?tracker_session_id=b7595e75-98b5-4efc-919d-5c7911fff515_ga3liwmI_N,۱ از ۵,۱۳۹۶,۲
107متر/2خواب/نوساز/توحید,31000000000,107.0,توحید,https://divar.ir/v/107%D9%85%D8%AA%D8%B1-2%D8%AE%D9%88%D8%A7%D8%A8-%D9%86%D9%88%D8%B3%D8%A7%D8%B2-%D8%AA%D9%88%D8%AD%DB%8C%D8%AF/gaUluX43?tracker_session_id=b7595e75-98b5-4efc-919d-5c7911fff515_gaUluX43_N,۴ از ۵,۱۴۰۴,۲
115متر/2خواب/2پارکینگ/ظفر,35000000000,115.0,ظفر,https://divar.ir/v/115%D9%85%D8%AA%D8%B1-2%D8%AE%D9%88%D8%A7%D8%A8-2%D9%BE%D8%A7%D8%B1%DA%A9%DB%8C%D9%86%DA%AF-%D8%B8%D9%81%D8%B1/ga3pSQfl?tracker_session_id=b7595e75-98b5-4efc-919d-5c7911fff515_ga3pSQfl_N,۱ از ۵,۱۳۹۸,۲
۷۵متر/تک واحدی/پارکینگ غیرمزاحم/سالن مربع,9800000000,75.0,جیحون,https://divar.ir/v/%DB%B7%DB%B5%D9%85%D8%AA%D8%B1-%D8%AA%DA%A9-%D9%88%D8%A7%D8%AD%D8%AF%DB%8C-%D9%BE%D8%A7%D8%B1%DA%A9%DB%8C%D9%86%DA%AF-%D8%BA%DB%8C%D8%B1%D9%85%D8%B2%D8%A7%D8%AD%D9%85-%D8%B3%D8%A7%D9%84%D9%86-%D9%85%D8%B1%D8%A8%D8%B9/ga3Zyfe6?tracker_session_id=b7595e75-98b5-4efc-919d-5c7911fff515_ga3Zyfe6_N,۲ از ۴,۱۳۸۶,۲
۱۹۰متر جهانتاب/فول نوسازی/فول مشاعات/دو پارکینگ,62000000000,190.0,اختیاریه,https://divar.ir/v/%DB%B1%DB%B9%DB%B0%D9%85%D8%AA%D8%B1-%D8%AC%D9%87%D8%A7%D9%86%D8%AA%D8%A7%D8%A8-%D9%81%D9%88%D9%84-%D9%86%D9%88%D8%B3%D8%A7%D8%B2%DB%8C-%D9%81%D9%88%D9%84-%D9%85%D8%B4%D8%A7%D8%B9%D8%A7%D8%AA-%D8%AF%D9%88-%D9%BE%D8%A7%D8%B1%DA%A9%DB%8C%D9%86%DA%AF/gatIr-wJ?tracker_session_id=b7595e75-98b5-4efc-919d-5c7911fff515_gatIr-wJ_N,۱ از ۶,۱۳۹۳,۳
۷۰متری غرق نور/روبنما،لوکس وشیک/مناسب خاص پسندان,6750000000,70.0,چیتگر جنوبی,https://divar.ir/v/%DB%B7%DB%B0%D9%85%D8%AA%D8%B1%DB%8C-%D8%BA%D8%B1%D9%82-%D9%86%D9%88%D8%B1-%D8%B1%D9%88%D8%A8%D9%86%D9%85%D8%A7-%D9%84%D9%88%DA%A9%D8%B3-%D9%88%D8%B4%DB%8C%DA%A9-%D9%85%D9%86%D8%A7%D8%B3%D8%A8-%D8%AE%D8%A7%D8%B5-%D9%BE%D8%B3%D9%86%D8%AF%D8%A7%D9%86/ga3pSGsX?tracker_session_id=b7595e75-98b5-4efc-919d-5c7911fff515_ga3pSGsX_N,۲,۱۴۰۴,۲
اپارتمان ۷۰ متری تک واحدی,9000000000,70.0,تولید دارو,https://divar.ir/v/%D8%A7%D9%BE%D8%A7%D8%B1%D8%AA%D9%85%D8%A7%D9%86-%DB%B7%DB%B0-%D9%85%D8%AA%D8%B1%DB%8C-%D8%AA%DA%A9-%D9%88%D8%A7%D8%AD%D8%AF%DB%8C/gahd_eAv?tracker_session_id=b7595e75-98b5-4efc-919d-5c7911fff515_gahd_eAv_N,۱,۱۳۸۵,۲
74متری فول اعیان نشین منطقه,17400000000,74.0,طرشت,https://divar.ir/v/74%D9%85%D8%AA%D8%B1%DB%8C-%D9%81%D9%88%D9%84-%D8%A7%D8%B9%DB%8C%D8%A7%D9%86-%D9%86%D8%B4%DB%8C%D9%86-%D9%85%D9%86%D8%B7%D9%82%D9%87/gaXFIr3k?tracker_session_id=b7595e75-98b5-4efc-919d-5c7911fff515_gaXFIr3k_N,۵,۱۳۹۳,۲
۳۹ متر بر اصلی خیابان طوس تقاطع قصرالدشت,6190000000,39.0,جیحون,https://divar.ir/v/%DB%B3%DB%B9-%D9%85%D8%AA%D8%B1-%D8%A8%D8%B1-%D8%A7%D8%B5%D9%84%DB%8C-%D8%AE%DB%8C%D8%A7%D8%A8%D8%A7%D9%86-%D8%B7%D9%88%D8%B3-%D8%AA%D9%82%D8%A7%D8%B7%D8%B9-%D9%82%D8%B5%D8%B1%D8%A7%D9%84%D8%AF%D8%B4%D8%AA/gaEpd1Mq?tracker_session_id=b7595e75-98b5-4efc-919d-5c7911fff515_gaEpd1Mq_N,۲,۱۳۸۲,۱
84متر2خواب/فول امکانات/نوساز/خوش نقشه/تاپ لوکیشن,10300000000,84.0,جیحون,https://divar.ir/v/84%D9%85%D8%AA%D8%B12%D8%AE%D9%88%D8%A7%D8%A8-%D9%81%D9%88%D9%84-%D8%A7%D9%85%DA%A9%D8%A7%D9%86%D8%A7%D8%AA-%D9%86%D9%88%D8%B3%D8%A7%D8%B2-%D8%AE%D9%88%D8%B4-%D9%86%D9%82%D8%B4%D9%87-%D8%AA%D8%A7%D9%BE-%D9%84%D9%88%DA%A9%DB%8C%D8%B4%D9%86/ga3VSrar?tracker_session_id=b7595e75-98b5-4efc-919d-5c7911fff515_ga3VSrar_N,۳ از ۵,۱۴۰۳,۲
۱۸۰متر/کیکاووس/فول نوسازی شده/امکان تهاتر با ۲خواب,60000000000,180.0,درب دوم,https://divar.ir/v/%DB%B1%DB%B8%DB%B0%D9%85%D8%AA%D8%B1-%DA%A9%DB%8C%DA%A9%D8%A7%D9%88%D9%88%D8%B3-%D9%81%D9%88%D9%84-%D9%86%D9%88%D8%B3%D8%A7%D8%B2%DB%8C-%D8%B4%D8%AF%D9%87-%D8%A7%D9%85%DA%A9%D8%A7%D9%86-%D8%AA%D9%87%D8%A7%D8%AA%D8%B1-%D8%A8%D8%A7-%DB%B2%D8%AE%D9%88%D8%A7%D8%A8/gaU94qPT?tracker_session_id=b7595e75-98b5-4efc-919d-5c7911fff515_gaU94qPT_N,۱ از ۵,۱۳۸۸,۳
۶۶ متر جهت خرید و فروش در منطقه ۱۰/ متفاوت و مطمئن,8000000000,66.0,سلسبیل شمالی,https://divar.ir/v/%DB%B6%DB%B6-%D9%85%D8%AA%D8%B1-%D8%AC%D9%87%D8%AA-%D8%AE%D8%B1%DB%8C%D8%AF-%D9%88-%D9%81%D8%B1%D9%88%D8%B4-%D8%AF%D8%B1-%D9%85%D9%86%D8%B7%D9%82%D9%87-%DB%B1%DB%B0-%D9%85%D8%AA%D9%81%D8%A7%D9%88%D8%AA-%D9%88-%D9%85%D8%B7%D9%85%D8%A6%D9%86/gapd7W3H?tracker_session_id=b7595e75-98b5-4efc-919d-5c7911fff515_gapd7W3H_N,,,
۵۰متر/پارکینگ غیر مزاحم/گذر پهن,6100000000,50.0,هاشمی,https://divar.ir/v/%DB%B5%DB%B0%D9%85%D8%AA%D8%B1-%D9%BE%D8%A7%D8%B1%DA%A9%DB%8C%D9%86%DA%AF-%D8%BA%DB%8C%D8%B1-%D9%85%D8%B2%D8%A7%D8%AD%D9%85-%DA%AF%D8%B0%D8%B1-%D9%BE%D9%87%D9%86/ga3piENV?tracker_session_id=b7595e75-98b5-4efc-919d-5c7911fff515_ga3piENV_N,۲ از ۴,۱۳۸۳,۱
سازمان آب (پارک شاهین) 110 متر 2 خواب,37200000000,110.0,ستارخان,https://divar.ir/v/%D8%B3%D8%A7%D8%B2%D9%85%D8%A7%D9%86-%D8%A2%D8%A8-%D9%BE%D8%A7%D8%B1%DA%A9-%D8%B4%D8%A7%D9%87%DB%8C%D9%86-110-%D9%85%D8%AA%D8%B1-2-%D8%AE%D9%88%D8%A7%D8%A8/gauFwolo?tracker_session_id=b7595e75-98b5-4efc-919d-5c7911fff515_gauFwolo_N,۵,۱۳۹۶,۲
90متر 2خواب/پونک /خطی روبه آفتاب /فول,28300000000,90.0,پونک,https://divar.ir/v/90%D9%85%D8%AA%D8%B1-2%D8%AE%D9%88%D8%A7%D8%A8-%D9%BE%D9%88%D9%86%DA%A9-%D8%AE%D8%B7%DB%8C-%D8%B1%D9%88%D8%A8%D9%87-%D8%A2%D9%81%D8%AA%D8%A7%D8%A8-%D9%81%D9%88%D9%84/ga0xrtiv?tracker_session_id=b7595e75-98b5-4efc-919d-5c7911fff515_ga0xrtiv_N,۲,۱۳۹۴,۲
۵۰ متری فول بر خیابون سبلان شمالی,9000000000,50.0,سبلان (لشگر),https://divar.ir/v/%DB%B5%DB%B0-%D9%85%D8%AA%D8%B1%DB%8C-%D9%81%D9%88%D9%84-%D8%A8%D8%B1-%D8%AE%DB%8C%D8%A7%D8%A8%D9%88%D9%86-%D8%B3%D8%A8%D9%84%D8%A7%D9%86-%D8%B4%D9%85%D8%A7%D9%84%DB%8C/ga3dSHcy?tracker_session_id=b7595e75-98b5-4efc-919d-5c7911fff515_ga3dSHcy_N,۳ از ۴,۱۳۹۴,۱
۱۱۰متر* روبه‌آفتاب * خاص‌پسند/ به قیمت,27300000000,110.0,تهرانپارس غربی,https://divar.ir/v/%DB%B1%DB%B1%DB%B0%D9%85%D8%AA%D8%B1-%D8%B1%D9%88%D8%A8%D9%87-%D8%A2%D9%81%D8%AA%D8%A7%D8%A8-%D8%AE%D8%A7%D8%B5-%D9%BE%D8%B3%D9%86%D8%AF-%D8%A8%D9%87-%D9%82%DB%8C%D9%85%D8%AA/ga3dSWHs?tracker_session_id=b7595e75-98b5-4efc-919d-5c7911fff515_ga3dSWHs_N,۳ از ۵,۱۴۰۲,۲
۱۰۷متر ۲خ فول بازسازی شده پارسیان تهرانپارس,25500000000,107.0,تهرانپارس غربی,https://divar.ir/v/%DB%B1%DB%B0%DB%B7%D9%85%D8%AA%D8%B1-%DB%B2%D8%AE-%D9%81%D9%88%D9%84-%D8%A8%D8%A7%D8%B2%D8%B3%D8%A7%D8%B2%DB%8C-%D8%B4%D8%AF%D9%87-%D9%BE%D8%A7%D8%B1%D8%B3%DB%8C%D8%A7%D9%86-%D8%AA%D9%87%D8%B1%D8%A7%D9%86%D9%BE%D8%A7%D8%B1%D8%B3/gaUh5K9c?tracker_session_id=b7595e75-98b5-4efc-919d-5c7911fff515_gaUh5K9c_N,۲ از ۵,۱۳۸۴,۲
۴۵مترطبقه اول محبوب مجازمتروکمیل,4800000000,45.0,مخصوص,https://divar.ir/v/%DB%B4%DB%B5%D9%85%D8%AA%D8%B1%D8%B7%D8%A8%D9%82%D9%87-%D8%A7%D9%88%D9%84-%D9%85%D8%AD%D8%A8%D9%88%D8%A8-%D9%85%D8%AC%D8%A7%D8%B2%D9%85%D8%AA%D8%B1%D9%88%DA%A9%D9%85%DB%8C%D9%84/ga21dEr9?tracker_session_id=b7595e75-98b5-4efc-919d-5c7911fff515_ga21dEr9_N,۱,۱۳۸۳,۱
۹۴متر۲خ/بازسازی شده/پله ها نرم/تک واحدی/پارکینگ,21700000000,94.0,دبستان,https://divar.ir/v/%DB%B9%DB%B4%D9%85%D8%AA%D8%B1%DB%B2%D8%AE-%D8%A8%D8%A7%D8%B2%D8%B3%D8%A7%D8%B2%DB%8C-%D8%B4%D8%AF%D9%87-%D9%BE%D9%84%D9%87-%D9%87%D8%A7-%D9%86%D8%B1%D9%85-%D8%AA%DA%A9-%D9%88%D8%A7%D8%AD%D8%AF%DB%8C-%D9%BE%D8%A7%D8%B1%DA%A9%DB%8C%D9%86%DA%AF/ga3lCsC9?tracker_session_id=b7595e75-98b5-4efc-919d-5c7911fff515_ga3lCsC9_N,۲ از ۴,۱۳۸۰,۲
۱۲۳متر۲خواب فول امکانات/آزادگان/,34000000000,123.0,امیرآباد,https://divar.ir/v/%DB%B1%DB%B2%DB%B3%D9%85%D8%AA%D8%B1%DB%B2%D8%AE%D9%88%D8%A7%D8%A8-%D9%81%D9%88%D9%84-%D8%A7%D9%85%DA%A9%D8%A7%D9%86%D8%A7%D8%AA-%D8%A2%D8%B2%D8%A7%D8%AF%DA%AF%D8%A7%D9%86/ga3li5W0?tracker_session_id=b7595e75-98b5-4efc-919d-5c7911fff515_ga3li5W0_N,۱ از ۵,۱۳۸۹,۲
اپارتمان۵۳ متری فول امکانات تک واحدی فروزش,8500000000,53.0,امیر بهادر,https://divar.ir/v/%D8%A7%D9%BE%D8%A7%D8%B1%D8%AA%D9%85%D8%A7%D9%86%DB%B5%DB%B3-%D9%85%D8%AA%D8%B1%DB%8C-%D9%81%D9%88%D9%84-%D8%A7%D9%85%DA%A9%D8%A7%D9%86%D8%A7%D8%AA-%D8%AA%DA%A9-%D9%88%D8%A7%D8%AD%D8%AF%DB%8C-%D9%81%D8%B1%D9%88%D8%B2%D8%B4/gazEfiUn?tracker_session_id=b7595e75-98b5-4efc-919d-5c7911fff515_gazEfiUn_N,۴ از ۴,۱۳۹۷,۱
۴۹متر/پارکینگ سندی/سند تک برگ,5000000000,49.0,طرشت,https://divar.ir/v/%DB%B4%DB%B9%D9%85%D8%AA%D8%B1-%D9%BE%D8%A7%D8%B1%DA%A9%DB%8C%D9%86%DA%AF-%D8%B3%D9%86%D8%AF%DB%8C-%D8%B3%D9%86%D8%AF-%D8%AA%DA%A9-%D8%A8%D8%B1%DA%AF/ga2tDOjr?tracker_session_id=b7595e75-98b5-4efc-919d-5c7911fff515_ga2tDOjr_N,۲,۱۴۰۱,۱
۴۰متر/آسانسور دار/سبلان شمالی/محسن آزادی,6450000000,40.0,سبلان (لشگر),https://divar.ir/v/%DB%B4%DB%B0%D9%85%D8%AA%D8%B1-%D8%A2%D8%B3%D8%A7%D9%86%D8%B3%D9%88%D8%B1-%D8%AF%D8%A7%D8%B1-%D8%B3%D8%A8%D9%84%D8%A7%D9%86-%D8%B4%D9%85%D8%A7%D9%84%DB%8C-%D9%85%D8%AD%D8%B3%D9%86-%D8%A2%D8%B2%D8%A7%D8%AF%DB%8C/ga3lC61b?tracker_session_id=b7595e75-98b5-4efc-919d-5c7911fff515_ga3lC61b_N,۲ از ۴,۱۳۹۰,۱
آپارتمان 82 متری خواب در فرجام شرقی تهرانپارس,18600000000,82.0,تهرانپارس غربی,https://divar.ir/v/%D8%A2%D9%BE%D8%A7%D8%B1%D8%AA%D9%85%D8%A7%D9%86-82-%D9%85%D8%AA%D8%B1%DB%8C-%D8%AE%D9%88%D8%A7%D8%A8-%D8%AF%D8%B1-%D9%81%D8%B1%D8%AC%D8%A7%D9%85-%D8%B4%D8%B1%D9%82%DB%8C-%D8%AA%D9%87%D8%B1%D8%A7%D9%86%D9%BE%D8%A7%D8%B1%D8%B3/ga3lSczW?tracker_session_id=b7595e75-98b5-4efc-919d-5c7911fff515_ga3lSczW_N,همکف,۱۳۸۳,۲
اپارتمان ۵۳متر فول امکانات خوش نقشه شهران,13500000000,53.0,شهران شمالی,https://divar.ir/v/%D8%A7%D9%BE%D8%A7%D8%B1%D8%AA%D9%85%D8%A7%D9%86-%DB%B5%DB%B3%D9%85%D8%AA%D8%B1-%D9%81%D9%88%D9%84-%D8%A7%D9%85%DA%A9%D8%A7%D9%86%D8%A7%D8%AA-%D8%AE%D9%88%D8%B4-%D9%86%D9%82%D8%B4%D9%87-%D8%B4%D9%87%D8%B1%D8%A7%D9%86/ga3JR0Jr?tracker_session_id=b7595e75-98b5-4efc-919d-5c7911fff515_ga3JR0Jr_N,۳,۱۳۸۵,۱
دروس 200 متر (فرعی مشجر),120000000000,200.0,دروس,https://divar.ir/v/%D8%AF%D8%B1%D9%88%D8%B3-200-%D9%85%D8%AA%D8%B1-%D9%81%D8%B1%D8%B9%DB%8C-%D9%85%D8%B4%D8%AC%D8%B1/gablIdWY?tracker_session_id=b7595e75-98b5-4efc-919d-5c7911fff515_gablIdWY_N,۴ از ۵,۱۴۰۳,۳
۱۲۰متری/دریاچه چیتگر/اقساطی/سند تکبرگ/برج هتلینگ,2400000000,120.0,گلستان (شهرک راه آهن),https://divar.ir/v/%DB%B1%DB%B2%DB%B0%D9%85%D8%AA%D8%B1%DB%8C-%D8%AF%D8%B1%DB%8C%D8%A7%DA%86%D9%87-%DA%86%DB%8C%D8%AA%DA%AF%D8%B1-%D8%A7%D9%82%D8%B3%D8%A7%D8%B7%DB%8C-%D8%B3%D9%86%D8%AF-%D8%AA%DA%A9%D8%A8%D8%B1%DA%AF-%D8%A8%D8%B1%D8%AC-%D9%87%D8%AA%D9%84%DB%8C%D9%86%DA%AF/gaCBzkhS?tracker_session_id=b7595e75-98b5-4efc-919d-5c7911fff515_gaCBzkhS_N,۱۵ از ۱۸,۱۴۰۵,۳
آپارتمان ۷۱ متری ۲ خواب بازسازی شده نورگیر,7600000000,71.0,شهرک فردوس (حسینی),https://divar.ir/v/%D8%A2%D9%BE%D8%A7%D8%B1%D8%AA%D9%85%D8%A7%D9%86-%DB%B7%DB%B1-%D9%85%D8%AA%D8%B1%DB%8C-%DB%B2-%D8%AE%D9%88%D8%A7%D8%A8-%D8%A8%D8%A7%D8%B2%D8%B3%D8%A7%D8%B2%DB%8C-%D8%B4%D8%AF%D9%87-%D9%86%D9%88%D8%B1%DA%AF%DB%8C%D8%B1/ga3lyi00?tracker_session_id=b7595e75-98b5-4efc-919d-5c7911fff515_ga3lyi00_N,همکف,۱۳۸۵,۲
آپارتمان52متر/تک واحدی/قصرالدشت,6220000000,52.0,جیحون,https://divar.ir/v/%D8%A2%D9%BE%D8%A7%D8%B1%D8%AA%D9%85%D8%A7%D9%8652%D9%85%D8%AA%D8%B1-%D8%AA%DA%A9-%D9%88%D8%A7%D8%AD%D8%AF%DB%8C-%D9%82%D8%B5%D8%B1%D8%A7%D9%84%D8%AF%D8%B4%D8%AA/ga3lSkoJ?tracker_session_id=b7595e75-98b5-4efc-919d-5c7911fff515_ga3lSkoJ_N,۲ از ۴,۱۳۸۶,۱
۱۱۸متر ۳خ فول ۱۵۴شرقی فلکه اول تهرانپارس,35000000000,118.0,تهرانپارس جنوبی,https://divar.ir/v/%DB%B1%DB%B1%DB%B8%D9%85%D8%AA%D8%B1-%DB%B3%D8%AE-%D9%81%D9%88%D9%84-%DB%B1%DB%B5%DB%B4%D8%B4%D8%B1%D9%82%DB%8C-%D9%81%D9%84%DA%A9%D9%87-%D8%A7%D9%88%D9%84-%D8%AA%D9%87%D8%B1%D8%A7%D9%86%D9%BE%D8%A7%D8%B1%D8%B3/gaCZCgM-?tracker_session_id=b7595e75-98b5-4efc-919d-5c7911fff515_gaCZCgM-_N,۱ از ۶,۱۳۹۵,۳
۶۰ متر عروسک منطقه,9800000000,60.0,سبلان (لشگر),https://divar.ir/v/%DB%B6%DB%B0-%D9%85%D8%AA%D8%B1-%D8%B9%D8%B1%D9%88%D8%B3%DA%A9-%D9%85%D9%86%D8%B7%D9%82%D9%87/ga3lyj8u?tracker_session_id=b7595e75-98b5-4efc-919d-5c7911fff515_ga3lyj8u_N,۴,۱۳۹۷,۱
۵۵متر بر اصلی * تک واحدی نما تراورتن * تک بازدید,6500000000,55.0,امام زاده عبدالله,https://divar.ir/v/%DB%B5%DB%B5%D9%85%D8%AA%D8%B1-%D8%A8%D8%B1-%D8%A7%D8%B5%D9%84%DB%8C-%D8%AA%DA%A9-%D9%88%D8%A7%D8%AD%D8%AF%DB%8C-%D9%86%D9%85%D8%A7-%D8%AA%D8%B1%D8%A7%D9%88%D8%B1%D8%AA%D9%86-%D8%AA%DA%A9-%D8%A8%D8%A7%D8%B2%D8%AF%DB%8C%D8%AF/ga1tOW_3?tracker_session_id=b7595e75-98b5-4efc-919d-5c7911fff515_ga1tOW_3_N,۳ از ۴,۱۳۹۰,۲
۶۲متر/ فول امکانات / کاشانی/ موقعیت بینظیر,10700000000,62.0,دکتر هوشیار,https://divar.ir/v/%DB%B6%DB%B2%D9%85%D8%AA%D8%B1-%D9%81%D9%88%D9%84-%D8%A7%D9%85%DA%A9%D8%A7%D9%86%D8%A7%D8%AA-%DA%A9%D8%A7%D8%B4%D8%A7%D9%86%DB%8C-%D9%85%D9%88%D9%82%D8%B9%DB%8C%D8%AA-%D8%A8%DB%8C%D9%86%D8%B8%DB%8C%D8%B1/ga0Bnawe?tracker_session_id=b7595e75-98b5-4efc-919d-5c7911fff515_ga0Bnawe_N,۲,۱۳۸۸,۲
145متری *3خواب *تک واحدی *فول امکانات *طرشت,27500000000,145.0,طرشت,https://divar.ir/v/145%D9%85%D8%AA%D8%B1%DB%8C-3%D8%AE%D9%88%D8%A7%D8%A8-%D8%AA%DA%A9-%D9%88%D8%A7%D8%AD%D8%AF%DB%8C-%D9%81%D9%88%D9%84-%D8%A7%D9%85%DA%A9%D8%A7%D9%86%D8%A7%D8%AA-%D8%B7%D8%B1%D8%B4%D8%AA/ga3hSuCO?tracker_session_id=b7595e75-98b5-4efc-919d-5c7911fff515_ga3hSuCO_N,۵ از ۵,۱۳۹۵,۳
آپارتمان۶۲متری/تکواحدی/دوخواب/سلسبیل,9300000000,62.0,سلسبیل جنوبی,https://divar.ir/v/%D8%A2%D9%BE%D8%A7%D8%B1%D8%AA%D9%85%D8%A7%D9%86%DB%B6%DB%B2%D9%85%D8%AA%D8%B1%DB%8C-%D8%AA%DA%A9%D9%88%D8%A7%D8%AD%D8%AF%DB%8C-%D8%AF%D9%88%D8%AE%D9%88%D8%A7%D8%A8-%D8%B3%D9%84%D8%B3%D8%A8%DB%8C%D9%84/ga2peFl_?tracker_session_id=b7595e75-98b5-4efc-919d-5c7911fff515_ga2peFl__N,۴ از ۴,۱۳۹۴,۲
سپهر۱۶۵متر۳خوابه فول تک واحد,75000000000,165.0,ایوانک,https://divar.ir/v/%D8%B3%D9%BE%D9%87%D8%B1%DB%B1%DB%B6%DB%B5%D9%85%D8%AA%D8%B1%DB%B3%D8%AE%D9%88%D8%A7%D8%A8%D9%87-%D9%81%D9%88%D9%84-%D8%AA%DA%A9-%D9%88%D8%A7%D8%AD%D8%AF/ga3lCYoR?tracker_session_id=b7595e75-98b5-4efc-919d-5c7911fff515_ga3lCYoR_N,۲ از ۵,۱۳۹۹,۳
تکواحدی 120متر 3خوابه,21000000000,120.0,شهرآرا,https://divar.ir/v/%D8%AA%DA%A9%D9%88%D8%A7%D8%AD%D8%AF%DB%8C-120%D9%85%D8%AA%D8%B1-3%D8%AE%D9%88%D8%A7%D8%A8%D9%87/gaoMCzKS?tracker_session_id=b7595e75-98b5-4efc-919d-5c7911fff515_gaoMCzKS_N,۳,۱۳۷۲,۳
185مــ اصالت و ژونالی پلاکِ طلایی منطقه,66000000000,185.0,جنت‌آباد مرکزی,https://divar.ir/v/185%D9%85%D9%80%D9%80-%D8%A7%D8%B5%D8%A7%D9%84%D8%AA-%D9%88-%DA%98%D9%88%D9%86%D8%A7%D9%84%DB%8C-%D9%BE%D9%84%D8%A7%DA%A9%D9%90-%D8%B7%D9%84%D8%A7%DB%8C%DB%8C-%D9%85%D9%86%D8%B7%D9%82%D9%87/gakpFVIH?tracker_session_id=b7595e75-98b5-4efc-919d-5c7911fff515_gakpFVIH_N,۱,۱۴۰۵,۳
۷۱متر/۲خواب/فول/عروسک,14200000000,71.0,سبلان (لشگر),https://divar.ir/v/%DB%B7%DB%B1%D9%85%D8%AA%D8%B1-%DB%B2%D8%AE%D9%88%D8%A7%D8%A8-%D9%81%D9%88%D9%84-%D8%B9%D8%B1%D9%88%D8%B3%DA%A9/gaTRailK?tracker_session_id=b7595e75-98b5-4efc-919d-5c7911fff515_gaTRailK_N,۴ از ۵,۱۴۰۵,۲
۴۱ متر / فول امکانات / بریانک,6000000000,41.0,بریانک,https://divar.ir/v/%DB%B4%DB%B1-%D9%85%D8%AA%D8%B1-%D9%81%D9%88%D9%84-%D8%A7%D9%85%DA%A9%D8%A7%D9%86%D8%A7%D8%AA-%D8%A8%D8%B1%DB%8C%D8%A7%D9%86%DA%A9/galh-9wO?tracker_session_id=b7595e75-98b5-4efc-919d-5c7911fff515_galh-9wO_N,,,
50مترتک خواب/گل طبقات /تخلیه/خوشگل,6150000000,50.0,سلسبیل جنوبی,https://divar.ir/v/50%D9%85%D8%AA%D8%B1%D8%AA%DA%A9-%D8%AE%D9%88%D8%A7%D8%A8-%DA%AF%D9%84-%D8%B7%D8%A8%D9%82%D8%A7%D8%AA-%D8%AA%D8%AE%D9%84%DB%8C%D9%87-%D8%AE%D9%88%D8%B4%DA%AF%D9%84/ga39R13A?tracker_session_id=b7595e75-98b5-4efc-919d-5c7911fff515_ga39R13A_N,۳ از ۴,۱۳۸۳,۱
47 متر / خوش نقشه /پاسیو دار/خوش مالک اشتر,6100000000,47.0,سلسبیل جنوبی,https://divar.ir/v/47-%D9%85%D8%AA%D8%B1-%D8%AE%D9%88%D8%B4-%D9%86%D9%82%D8%B4%D9%87-%D9%BE%D8%A7%D8%B3%DB%8C%D9%88-%D8%AF%D8%A7%D8%B1-%D8%AE%D9%88%D8%B4-%D9%85%D8%A7%D9%84%DA%A9-%D8%A7%D8%B4%D8%AA%D8%B1/ga2FPceu?tracker_session_id=b7595e75-98b5-4efc-919d-5c7911fff515_ga2FPceu_N,همکف از ۴,۱۳۷۸,۱
۱۰۰متر / پرده خور ۱۰ واحد / فول امکانات فول گرانیت,26500000000,100.0,سازمان آب,https://divar.ir/v/%DB%B1%DB%B0%DB%B0%D9%85%D8%AA%D8%B1-%D9%BE%D8%B1%D8%AF%D9%87-%D8%AE%D9%88%D8%B1-%DB%B1%DB%B0-%D9%88%D8%A7%D8%AD%D8%AF-%D9%81%D9%88%D9%84-%D8%A7%D9%85%DA%A9%D8%A7%D9%86%D8%A7%D8%AA-%D9%81%D9%88%D9%84-%DA%AF%D8%B1%D8%A7%D9%86%DB%8C%D8%AA/ga3lSTgR?tracker_session_id=b7595e75-98b5-4efc-919d-5c7911fff515_ga3lSTgR_N,۱,۱۳۸۹,۲
145 متر / 3خواب / فول امکانات / زیر قیمت منطقه,28900000000,145.0,صادقیه,https://divar.ir/v/145-%D9%85%D8%AA%D8%B1-3%D8%AE%D9%88%D8%A7%D8%A8-%D9%81%D9%88%D9%84-%D8%A7%D9%85%DA%A9%D8%A7%D9%86%D8%A7%D8%AA-%D8%B2%DB%8C%D8%B1-%D9%82%DB%8C%D9%85%D8%AA-%D9%85%D9%86%D8%B7%D9%82%D9%87/ga3lSTfY?tracker_session_id=b7595e75-98b5-4efc-919d-5c7911fff515_ga3lSTfY_N,۲,۱۳۸۴,۳
۳۵متری+حیاط اختصاصی/خوش‌نقشه,4500000000,35.0,هفت چنار,https://divar.ir/v/%DB%B3%DB%B5%D9%85%D8%AA%D8%B1%DB%8C-%D8%AD%DB%8C%D8%A7%D8%B7-%D8%A7%D8%AE%D8%AA%D8%B5%D8%A7%D8%B5%DB%8C-%D8%AE%D9%88%D8%B4-%D9%86%D9%82%D8%B4%D9%87/ga3xBhRd?tracker_session_id=b7595e75-98b5-4efc-919d-5c7911fff515_ga3xBhRd_N,۱ از ۳,۱۳۸۵,۱
۵۶متری/با امکانات/خوش‌نقشه/خوش‌قیمت/تقوی,8500000000,56.0,کرمان,https://divar.ir/v/%DB%B5%DB%B6%D9%85%D8%AA%D8%B1%DB%8C-%D8%A8%D8%A7-%D8%A7%D9%85%DA%A9%D8%A7%D9%86%D8%A7%D8%AA-%D8%AE%D9%88%D8%B4-%D9%86%D9%82%D8%B4%D9%87-%D8%AE%D9%88%D8%B4-%D9%82%DB%8C%D9%85%D8%AA-%D8%AA%D9%82%D9%88%DB%8C/ga3lyU39?tracker_session_id=b7595e75-98b5-4efc-919d-5c7911fff515_ga3lyU39_N,۱ از ۵,۱۳۸۵,۱
۱۳۰متر/عقیلی/بهترین پروژه منطقه,54000000000,130.0,هروی,https://divar.ir/v/%DB%B1%DB%B3%DB%B0%D9%85%D8%AA%D8%B1-%D8%B9%D9%82%DB%8C%D9%84%DB%8C-%D8%A8%D9%87%D8%AA%D8%B1%DB%8C%D9%86-%D9%BE%D8%B1%D9%88%DA%98%D9%87-%D9%85%D9%86%D8%B7%D9%82%D9%87/gahRti6O?tracker_session_id=b7595e75-98b5-4efc-919d-5c7911fff515_gahRti6O_N,۲,۱۴۰۴,۲
آپارتمان ۵۲ متری با پارکینک سندی,9400000000,52.0,آبشار,https://divar.ir/v/%D8%A2%D9%BE%D8%A7%D8%B1%D8%AA%D9%85%D8%A7%D9%86-%DB%B5%DB%B2-%D9%85%D8%AA%D8%B1%DB%8C-%D8%A8%D8%A7-%D9%BE%D8%A7%D8%B1%DA%A9%DB%8C%D9%86%DA%A9-%D8%B3%D9%86%D8%AF%DB%8C/ga39Bjfc?tracker_session_id=ea4f2a8c-10f7-46e9-888e-8887426c37dd_ga39Bjfc_N,۳,۱۳۹۵,۱
آپارتمان ۶۵ متری فول بازسازی,10500000000,65.0,آبشار,https://divar.ir/v/%D8%A2%D9%BE%D8%A7%D8%B1%D8%AA%D9%85%D8%A7%D9%86-%DB%B6%DB%B5-%D9%85%D8%AA%D8%B1%DB%8C-%D9%81%D9%88%D9%84-%D8%A8%D8%A7%D8%B2%D8%B3%D8%A7%D8%B2%DB%8C/ga2lPdRM?tracker_session_id=ea4f2a8c-10f7-46e9-888e-8887426c37dd_ga2lPdRM_N,۲ از ۳,۱۳۸۵,۲
آپارتمان ۵۴ متری خوش نقشه ، غرق نور ، منطقه ۱۲,8640000000,54.0,آبشار,https://divar.ir/v/%D8%A2%D9%BE%D8%A7%D8%B1%D8%AA%D9%85%D8%A7%D9%86-%DB%B5%DB%B4-%D9%85%D8%AA%D8%B1%DB%8C-%D8%AE%D9%88%D8%B4-%D9%86%D9%82%D8%B4%D9%87-%D8%BA%D8%B1%D9%82-%D9%86%D9%88%D8%B1-%D9%85%D9%86%D8%B7%D9%82%D9%87-%DB%B1%DB%B2/gagVv4TN?tracker_session_id=ea4f2a8c-10f7-46e9-888e-8887426c37dd_gagVv4TN_N,۱ از ۴,۱۳۷۹,۱
۱۰۸ متری ، تک واحدی ، دو خوابه ، فول ، امین حضور,15700000000,108.0,آبشار,https://divar.ir/v/%DB%B1%DB%B0%DB%B8-%D9%85%D8%AA%D8%B1%DB%8C-%D8%AA%DA%A9-%D9%88%D8%A7%D8%AD%D8%AF%DB%8C-%D8%AF%D9%88-%D8%AE%D9%88%D8%A7%D8%A8%D9%87-%D9%81%D9%88%D9%84-%D8%A7%D9%85%DB%8C%D9%86-%D8%AD%D8%B6%D9%88%D8%B1/gacpa_ck?tracker_session_id=ea4f2a8c-10f7-46e9-888e-8887426c37dd_gacpa_ck_N,۱,۱۳۹۵,۲
۶۰ متری ، دو خوابه ، بازسازی شده ، سرمایه‌گذاری,6700000000,60.0,آبشار,https://divar.ir/v/%DB%B6%DB%B0-%D9%85%D8%AA%D8%B1%DB%8C-%D8%AF%D9%88-%D8%AE%D9%88%D8%A7%D8%A8%D9%87-%D8%A8%D8%A7%D8%B2%D8%B3%D8%A7%D8%B2%DB%8C-%D8%B4%D8%AF%D9%87-%D8%B3%D8%B1%D9%85%D8%A7%DB%8C%D9%87-%DA%AF%D8%B0%D8%A7%D8%B1%DB%8C/ga2J_07h?tracker_session_id=ea4f2a8c-10f7-46e9-888e-8887426c37dd_ga2J_07h_N,۳ از ۴,۱۳۸۶,۲
۱۴۰ متر نوساز کلید نخورده,28000000000,140.0,آبشار,https://divar.ir/v/%DB%B1%DB%B4%DB%B0-%D9%85%D8%AA%D8%B1-%D9%86%D9%88%D8%B3%D8%A7%D8%B2-%DA%A9%D9%84%DB%8C%D8%AF-%D9%86%D8%AE%D9%88%D8%B1%D8%AF%D9%87/ga2R-bTb?tracker_session_id=ea4f2a8c-10f7-46e9-888e-8887426c37dd_ga2R-bTb_N,۶ از ۶,۱۴۰۵,۳
آپارتمان ۱۰۰ متری سه خوابه,22000000000,100.0,آبشار,https://divar.ir/v/%D8%A2%D9%BE%D8%A7%D8%B1%D8%AA%D9%85%D8%A7%D9%86-%DB%B1%DB%B0%DB%B0-%D9%85%D8%AA%D8%B1%DB%8C-%D8%B3%D9%87-%D8%AE%D9%88%D8%A7%D8%A8%D9%87/ga21sKHq?tracker_session_id=ea4f2a8c-10f7-46e9-888e-8887426c37dd_ga21sKHq_N,۵,۱۴۰۵,۳
آپارتمان ۶۰ متر ۱ خوابه فول امکانات,9200000000,60.0,آبشار,https://divar.ir/v/%D8%A2%D9%BE%D8%A7%D8%B1%D8%AA%D9%85%D8%A7%D9%86-%DB%B6%DB%B0-%D9%85%D8%AA%D8%B1-%DB%B1-%D8%AE%D9%88%D8%A7%D8%A8%D9%87-%D9%81%D9%88%D9%84-%D8%A7%D9%85%DA%A9%D8%A7%D9%86%D8%A7%D8%AA/gazlhkTa?tracker_session_id=ea4f2a8c-10f7-46e9-888e-8887426c37dd_gazlhkTa_N,۳,۱۳۹۳,۱
78متر*دوخواب*fool امکانات*صفر تاصدبازسازی,10800000000,78.0,آبشار,https://divar.ir/v/78%D9%85%D8%AA%D8%B1-%D8%AF%D9%88%D8%AE%D9%88%D8%A7%D8%A8-fool-%D8%A7%D9%85%DA%A9%D8%A7%D9%86%D8%A7%D8%AA-%D8%B5%D9%81%D8%B1-%D8%AA%D8%A7%D8%B5%D8%AF%D8%A8%D8%A7%D8%B2%D8%B3%D8%A7%D8%B2%DB%8C/gay9vPUJ?tracker_session_id=ea4f2a8c-10f7-46e9-888e-8887426c37dd_gay9vPUJ_N,۴ از ۴,۱۳۹۰,۲
آبشار ۹۷متر دوخواب تک واحدی,17300000000,97.0,آبشار,https://divar.ir/v/%D8%A2%D8%A8%D8%B4%D8%A7%D8%B1-%DB%B9%DB%B7%D9%85%D8%AA%D8%B1-%D8%AF%D9%88%D8%AE%D9%88%D8%A7%D8%A8-%D8%AA%DA%A9-%D9%88%D8%A7%D8%AD%D8%AF%DB%8C/gaARLkaX?tracker_session_id=ea4f2a8c-10f7-46e9-888e-8887426c37dd_gaARLkaX_N,۱ از ۴,۱۳۹۲,۲
آپارتمان ۸۳ متری نوساز، کلیدنخورده ، فول امکانات,13700000000,83.0,آبشار,https://divar.ir/v/%D8%A2%D9%BE%D8%A7%D8%B1%D8%AA%D9%85%D8%A7%D9%86-%DB%B8%DB%B3-%D9%85%D8%AA%D8%B1%DB%8C-%D9%86%D9%88%D8%B3%D8%A7%D8%B2-%DA%A9%D9%84%DB%8C%D8%AF%D9%86%D8%AE%D9%88%D8%B1%D8%AF%D9%87-%D9%81%D9%88%D9%84-%D8%A7%D9%85%DA%A9%D8%A7%D9%86%D8%A7%D8%AA/gawNbokO?tracker_session_id=ea4f2a8c-10f7-46e9-888e-8887426c37dd_gawNbokO_N,۱ از ۵,۱۴۰۵,۲
۷۲متری/دوخوابه/فول امکانات,9200000000,72.0,آبشار,https://divar.ir/v/%DB%B7%DB%B2%D9%85%D8%AA%D8%B1%DB%8C-%D8%AF%D9%88%D8%AE%D9%88%D8%A7%D8%A8%D9%87-%D9%81%D9%88%D9%84-%D8%A7%D9%85%DA%A9%D8%A7%D9%86%D8%A7%D8%AA/gaw57HUg?tracker_session_id=ea4f2a8c-10f7-46e9-888e-8887426c37dd_gaw57HUg_N,۳ از ۵,۱۳۹۷,۲
آپارتمان ۷۷ متری نوساز کلید نخورده فول امکانات,12710000000,77.0,آبشار,https://divar.ir/v/%D8%A2%D9%BE%D8%A7%D8%B1%D8%AA%D9%85%D8%A7%D9%86-%DB%B7%DB%B7-%D9%85%D8%AA%D8%B1%DB%8C-%D9%86%D9%88%D8%B3%D8%A7%D8%B2-%DA%A9%D9%84%DB%8C%D8%AF-%D9%86%D8%AE%D9%88%D8%B1%D8%AF%D9%87-%D9%81%D9%88%D9%84-%D8%A7%D9%85%DA%A9%D8%A7%D9%86%D8%A7%D8%AA/gavdw31j?tracker_session_id=ea4f2a8c-10f7-46e9-888e-8887426c37dd_gavdw31j_N,,,
آپارتمان ۱۰۳ متری خیابان دردار,14000000000,103.0,آبشار,https://divar.ir/v/%D8%A2%D9%BE%D8%A7%D8%B1%D8%AA%D9%85%D8%A7%D9%86-%DB%B1%DB%B0%DB%B3-%D9%85%D8%AA%D8%B1%DB%8C-%D8%AE%DB%8C%D8%A7%D8%A8%D8%A7%D9%86-%D8%AF%D8%B1%D8%AF%D8%A7%D8%B1/gaD5GB4u?tracker_session_id=ea4f2a8c-10f7-46e9-888e-8887426c37dd_gaD5GB4u_N,۲,۱۳۸۰,۲
فروش اپارتمان ۸۰ متری,12800000000,80.0,آبشار,https://divar.ir/v/%D9%81%D8%B1%D9%88%D8%B4-%D8%A7%D9%BE%D8%A7%D8%B1%D8%AA%D9%85%D8%A7%D9%86-%DB%B8%DB%B0-%D9%85%D8%AA%D8%B1%DB%8C/gawJ7Z6D?tracker_session_id=ea4f2a8c-10f7-46e9-888e-8887426c37dd_gawJ7Z6D_N,۳ از ۶,۱۴۰۵,۲
۹۰متر خوش نقشه,10000000000,90.0,آبشار,https://divar.ir/v/%DB%B9%DB%B0%D9%85%D8%AA%D8%B1-%D8%AE%D9%88%D8%B4-%D9%86%D9%82%D8%B4%D9%87/gawVIHKI?tracker_session_id=ea4f2a8c-10f7-46e9-888e-8887426c37dd_gawVIHKI_N,۳ از ۴,۱۳۸۹,۲
اپارتمان تک واحدی ۹۰متری,11700000000,90.0,آبشار,https://divar.ir/v/%D8%A7%D9%BE%D8%A7%D8%B1%D8%AA%D9%85%D8%A7%D9%86-%D8%AA%DA%A9-%D9%88%D8%A7%D8%AD%D8%AF%DB%8C-%DB%B9%DB%B0%D9%85%D8%AA%D8%B1%DB%8C/gaptHA6X?tracker_session_id=ea4f2a8c-10f7-46e9-888e-8887426c37dd_gaptHA6X_N,۳ از ۴,۱۳۸۷,۲
82متردوخوابه وفایی برومند صفری تک واحد,11500000000,82.0,آبشار,https://divar.ir/v/82%D9%85%D8%AA%D8%B1%D8%AF%D9%88%D8%AE%D9%88%D8%A7%D8%A8%D9%87-%D9%88%D9%81%D8%A7%DB%8C%DB%8C-%D8%A8%D8%B1%D9%88%D9%85%D9%86%D8%AF-%D8%B5%D9%81%D8%B1%DB%8C-%D8%AA%DA%A9-%D9%88%D8%A7%D8%AD%D8%AF/gaotM1EM?tracker_session_id=ea4f2a8c-10f7-46e9-888e-8887426c37dd_gaotM1EM_N,۲ از ۴,۱۳۸۷,۲
۴۸ متری ، پارکینگ موتور ، ط۳ سندی ، خ ایران,5500000000,48.0,آبشار,https://divar.ir/v/%DB%B4%DB%B8-%D9%85%D8%AA%D8%B1%DB%8C-%D9%BE%D8%A7%D8%B1%DA%A9%DB%8C%D9%86%DA%AF-%D9%85%D9%88%D8%AA%D9%88%D8%B1-%D8%B7%DB%B3-%D8%B3%D9%86%D8%AF%DB%8C-%D8%AE-%D8%A7%DB%8C%D8%B1%D8%A7%D9%86/gaUpO5j2?tracker_session_id=ea4f2a8c-10f7-46e9-888e-8887426c37dd_gaUpO5j2_N,,,
۱۰۰ متر سه خوابه,19000000000,100.0,آبشار,https://divar.ir/v/%DB%B1%DB%B0%DB%B0-%D9%85%D8%AA%D8%B1-%D8%B3%D9%87-%D8%AE%D9%88%D8%A7%D8%A8%D9%87/ganxLz35?tracker_session_id=ea4f2a8c-10f7-46e9-888e-8887426c37dd_ganxLz35_N,۵ از ۶,۱۴۰۵,۳
۱۵۰ متر تک واحدی/۳ سال ساخت/دو نبش/سند تک برگ,27000000000,150.0,آبشار,https://divar.ir/v/%DB%B1%DB%B5%DB%B0-%D9%85%D8%AA%D8%B1-%D8%AA%DA%A9-%D9%88%D8%A7%D8%AD%D8%AF%DB%8C-%DB%B3-%D8%B3%D8%A7%D9%84-%D8%B3%D8%A7%D8%AE%D8%AA-%D8%AF%D9%88-%D9%86%D8%A8%D8%B4-%D8%B3%D9%86%D8%AF-%D8%AA%DA%A9-%D8%A8%D8%B1%DA%AF/gantUCpY?tracker_session_id=ea4f2a8c-10f7-46e9-888e-8887426c37dd_gantUCpY_N,۱ از ۵,۱۴۰۲,۳
آپارتمان ۱۱۵ متری/۲واحدی/سرگرد محبی,25500000000,115.0,آبشار,https://divar.ir/v/%D8%A2%D9%BE%D8%A7%D8%B1%D8%AA%D9%85%D8%A7%D9%86-%DB%B1%DB%B1%DB%B5-%D9%85%D8%AA%D8%B1%DB%8C-%DB%B2%D9%88%D8%A7%D8%AD%D8%AF%DB%8C-%D8%B3%D8%B1%DA%AF%D8%B1%D8%AF-%D9%85%D8%AD%D8%A8%DB%8C/ganVjU9s?tracker_session_id=ea4f2a8c-10f7-46e9-888e-8887426c37dd_ganVjU9s_N,۶,۱۴۰۵,۲
۶۸ متر، دو خواب، آسانسور، خ آبشار، فروشنده واقعی,8200000000,68.0,آبشار,https://divar.ir/v/%DB%B6%DB%B8-%D9%85%D8%AA%D8%B1-%D8%AF%D9%88-%D8%AE%D9%88%D8%A7%D8%A8-%D8%A2%D8%B3%D8%A7%D9%86%D8%B3%D9%88%D8%B1-%D8%AE-%D8%A2%D8%A8%D8%B4%D8%A7%D8%B1-%D9%81%D8%B1%D9%88%D8%B4%D9%86%D8%AF%D9%87-%D9%88%D8%A7%D9%82%D8%B9%DB%8C/gaWp42DY?tracker_session_id=ea4f2a8c-10f7-46e9-888e-8887426c37dd_gaWp42DY_N,,,
فروش آپارتمان۹۳م بر خیابان ۱۷ شهریور,10000000000,93.0,آبشار,https://divar.ir/v/%D9%81%D8%B1%D9%88%D8%B4-%D8%A2%D9%BE%D8%A7%D8%B1%D8%AA%D9%85%D8%A7%D9%86%DB%B9%DB%B3%D9%85-%D8%A8%D8%B1-%D8%AE%DB%8C%D8%A7%D8%A8%D8%A7%D9%86-%DB%B1%DB%B7-%D8%B4%D9%87%D8%B1%DB%8C%D9%88%D8%B1/gagZGR1v?tracker_session_id=ea4f2a8c-10f7-46e9-888e-8887426c37dd_gagZGR1v_N,۱ از ۳,۱۳۷۵,۲
آپارتمان ۶۰ متری دو خوابه,8000000000,60.0,آبشار,https://divar.ir/v/%D8%A2%D9%BE%D8%A7%D8%B1%D8%AA%D9%85%D8%A7%D9%86-%DB%B6%DB%B0-%D9%85%D8%AA%D8%B1%DB%8C-%D8%AF%D9%88-%D8%AE%D9%88%D8%A7%D8%A8%D9%87/gafxitnW?tracker_session_id=ea4f2a8c-10f7-46e9-888e-8887426c37dd_gafxitnW_N,۲ از ۵,۱۳۹۴,۲
آپارتمان ۸۰ متر نوساز ۲ خوابه فول امکانات آبشار,13600000000,80.0,آبشار,https://divar.ir/v/%D8%A2%D9%BE%D8%A7%D8%B1%D8%AA%D9%85%D8%A7%D9%86-%DB%B8%DB%B0-%D9%85%D8%AA%D8%B1-%D9%86%D9%88%D8%B3%D8%A7%D8%B2-%DB%B2-%D8%AE%D9%88%D8%A7%D8%A8%D9%87-%D9%81%D9%88%D9%84-%D8%A7%D9%85%DA%A9%D8%A7%D9%86%D8%A7%D8%AA-%D8%A2%D8%A8%D8%B4%D8%A7%D8%B1/gabJ0dfq?tracker_session_id=ea4f2a8c-10f7-46e9-888e-8887426c37dd_gabJ0dfq_N,۵ از ۶,۱۴۰۵,۲
82 متر + 32 متر سوییت + ۶۰ متر حیاط اختصاصی,13800000000,82.0,آبشار,https://divar.ir/v/82-%D9%85%D8%AA%D8%B1-32-%D9%85%D8%AA%D8%B1-%D8%B3%D9%88%DB%8C%DB%8C%D8%AA-%DB%B6%DB%B0-%D9%85%D8%AA%D8%B1-%D8%AD%DB%8C%D8%A7%D8%B7-%D8%A7%D8%AE%D8%AA%D8%B5%D8%A7%D8%B5%DB%8C/gadRuLax?tracker_session_id=ea4f2a8c-10f7-46e9-888e-8887426c37dd_gadRuLax_N,همکف از ۳,قبل از ۱۳۷۰,۳
66متر آپارتمان با پارکینگ,6550000000,66.0,آبشار,https://divar.ir/v/66%D9%85%D8%AA%D8%B1-%D8%A2%D9%BE%D8%A7%D8%B1%D8%AA%D9%85%D8%A7%D9%86-%D8%A8%D8%A7-%D9%BE%D8%A7%D8%B1%DA%A9%DB%8C%D9%86%DA%AF/gabxRcal?tracker_session_id=ea4f2a8c-10f7-46e9-888e-8887426c37dd_gabxRcal_N,,,
۴۵متر / فول بازسازی شده / بدون مشابه در منطقه,5760000000,45.0,آبشار,https://divar.ir/v/%DB%B4%DB%B5%D9%85%D8%AA%D8%B1-%D9%81%D9%88%D9%84-%D8%A8%D8%A7%D8%B2%D8%B3%D8%A7%D8%B2%DB%8C-%D8%B4%D8%AF%D9%87-%D8%A8%D8%AF%D9%88%D9%86-%D9%85%D8%B4%D8%A7%D8%A8%D9%87-%D8%AF%D8%B1-%D9%85%D9%86%D8%B7%D9%82%D9%87/gac1XsoM?tracker_session_id=ea4f2a8c-10f7-46e9-888e-8887426c37dd_gac1XsoM_N,۲,۱۳۸۴,۱
67متر * 2خواب * آسانسور / انباری * سند تک برگ,7680000000,67.0,آبشار,https://divar.ir/v/67%D9%85%D8%AA%D8%B1-2%D8%AE%D9%88%D8%A7%D8%A8-%D8%A2%D8%B3%D8%A7%D9%86%D8%B3%D9%88%D8%B1-%D8%A7%D9%86%D8%A8%D8%A7%D8%B1%DB%8C-%D8%B3%D9%86%D8%AF-%D8%AA%DA%A9-%D8%A8%D8%B1%DA%AF/gacBI3eI?tracker_session_id=ea4f2a8c-10f7-46e9-888e-8887426c37dd_gacBI3eI_N,۵ از ۵,۱۳۸۵,۲
۶۵ متری با پارکینگ در محله آبشار,7800000000,65.0,آبشار,https://divar.ir/v/%DB%B6%DB%B5-%D9%85%D8%AA%D8%B1%DB%8C-%D8%A8%D8%A7-%D9%BE%D8%A7%D8%B1%DA%A9%DB%8C%D9%86%DA%AF-%D8%AF%D8%B1-%D9%85%D8%AD%D9%84%D9%87-%D8%A2%D8%A8%D8%B4%D8%A7%D8%B1/gac1M8N9?tracker_session_id=ea4f2a8c-10f7-46e9-888e-8887426c37dd_gac1M8N9_N,۴,۱۳۸۰,۱
فروش اپارتمان ۱۰۰متر,17000000000,100.0,آبشار,https://divar.ir/v/%D9%81%D8%B1%D9%88%D8%B4-%D8%A7%D9%BE%D8%A7%D8%B1%D8%AA%D9%85%D8%A7%D9%86-%DB%B1%DB%B0%DB%B0%D9%85%D8%AA%D8%B1/gacx4lCz?tracker_session_id=ea4f2a8c-10f7-46e9-888e-8887426c37dd_gacx4lCz_N,۱,۱۳۹۸,۲
آپارتمان ۶۵ متر,8300000000,65.0,آبشار,https://divar.ir/v/%D8%A2%D9%BE%D8%A7%D8%B1%D8%AA%D9%85%D8%A7%D9%86-%DB%B6%DB%B5-%D9%85%D8%AA%D8%B1/gabZU1C8?tracker_session_id=ea4f2a8c-10f7-46e9-888e-8887426c37dd_gabZU1C8_N,۱,۱۳۸۹,۱
۷۸ متری در آبشار,9500000000,78.0,آبشار,https://divar.ir/v/%DB%B7%DB%B8-%D9%85%D8%AA%D8%B1%DB%8C-%D8%AF%D8%B1-%D8%A2%D8%A8%D8%B4%D8%A7%D8%B1/gaaBhQRM?tracker_session_id=ea4f2a8c-10f7-46e9-888e-8887426c37dd_gaaBhQRM_N,۱ از ۳,۱۳۷۸,۲
۷۲ متری دو نبش ، نورخور ، آبشار ، خیابان دولو,8000000000,72.0,آبشار,https://divar.ir/v/%DB%B7%DB%B2-%D9%85%D8%AA%D8%B1%DB%8C-%D8%AF%D9%88-%D9%86%D8%A8%D8%B4-%D9%86%D9%88%D8%B1%D8%AE%D9%88%D8%B1-%D8%A2%D8%A8%D8%B4%D8%A7%D8%B1-%D8%AE%DB%8C%D8%A7%D8%A8%D8%A7%D9%86-%D8%AF%D9%88%D9%84%D9%88/gaSxRNEZ?tracker_session_id=ea4f2a8c-10f7-46e9-888e-8887426c37dd_gaSxRNEZ_N,۳ از ۴,۱۳۸۶,۱
فروش آپارتمان ۴۲متری خوش نقشه,6000000000,42.0,آبشار,https://divar.ir/v/%D9%81%D8%B1%D9%88%D8%B4-%D8%A2%D9%BE%D8%A7%D8%B1%D8%AA%D9%85%D8%A7%D9%86-%DB%B4%DB%B2%D9%85%D8%AA%D8%B1%DB%8C-%D8%AE%D9%88%D8%B4-%D9%86%D9%82%D8%B4%D9%87/gaRxTFEd?tracker_session_id=ea4f2a8c-10f7-46e9-888e-8887426c37dd_gaRxTFEd_N,,,
آپارتمان ۱۷۰ متری کلیدنخورده,39100000000,170.0,آبشار,https://divar.ir/v/%D8%A2%D9%BE%D8%A7%D8%B1%D8%AA%D9%85%D8%A7%D9%86-%DB%B1%DB%B7%DB%B0-%D9%85%D8%AA%D8%B1%DB%8C-%DA%A9%D9%84%DB%8C%D8%AF%D9%86%D8%AE%D9%88%D8%B1%D8%AF%D9%87/gatkZwhh?tracker_session_id=ea4f2a8c-10f7-46e9-888e-8887426c37dd_gatkZwhh_N,,,
واحد ۷۵ متری / دو خوابه / فول امکانات/ دریای نور,9500000000,75.0,آبشار,https://divar.ir/v/%D9%88%D8%A7%D8%AD%D8%AF-%DB%B7%DB%B5-%D9%85%D8%AA%D8%B1%DB%8C-%D8%AF%D9%88-%D8%AE%D9%88%D8%A7%D8%A8%D9%87-%D9%81%D9%88%D9%84-%D8%A7%D9%85%DA%A9%D8%A7%D9%86%D8%A7%D8%AA-%D8%AF%D8%B1%DB%8C%D8%A7%DB%8C-%D9%86%D9%88%D8%B1/gaQ57_5U?tracker_session_id=ea4f2a8c-10f7-46e9-888e-8887426c37dd_gaQ57_5U_N,,,
63 متر 2 خواب تکواحدی,13000000000,63.0,آبشار,https://divar.ir/v/63-%D9%85%D8%AA%D8%B1-2-%D8%AE%D9%88%D8%A7%D8%A8-%D8%AA%DA%A9%D9%88%D8%A7%D8%AD%D8%AF%DB%8C/gaOx3QS8?tracker_session_id=ea4f2a8c-10f7-46e9-888e-8887426c37dd_gaOx3QS8_N,,,
۶۸ متر دوخواب آبشار,7500000000,68.0,آبشار,https://divar.ir/v/%DB%B6%DB%B8-%D9%85%D8%AA%D8%B1-%D8%AF%D9%88%D8%AE%D9%88%D8%A7%D8%A8-%D8%A2%D8%A8%D8%B4%D8%A7%D8%B1/gaO1Vb70?tracker_session_id=ea4f2a8c-10f7-46e9-888e-8887426c37dd_gaO1Vb70_N,,,
۵۸ متری تکواحد فول,11000000000,58.0,آبشار,https://divar.ir/v/%DB%B5%DB%B8-%D9%85%D8%AA%D8%B1%DB%8C-%D8%AA%DA%A9%D9%88%D8%A7%D8%AD%D8%AF-%D9%81%D9%88%D9%84/gaOp1O_3?tracker_session_id=ea4f2a8c-10f7-46e9-888e-8887426c37dd_gaOp1O_3_N,,,
۶۳ متری فول گوته,9500000000,63.0,آبشار,https://divar.ir/v/%DB%B6%DB%B3-%D9%85%D8%AA%D8%B1%DB%8C-%D9%81%D9%88%D9%84-%DA%AF%D9%88%D8%AA%D9%87/gaOh1UiD?tracker_session_id=ea4f2a8c-10f7-46e9-888e-8887426c37dd_gaOh1UiD_N,,,
پیروزی شکوفه/۹۲ متر/پارکینگ/اسانسور,17900000000,92.0,شکوفه,https://divar.ir/v/%D9%BE%DB%8C%D8%B1%D9%88%D8%B2%DB%8C-%D8%B4%DA%A9%D9%88%D9%81%D9%87-%DB%B9%DB%B2-%D9%85%D8%AA%D8%B1-%D9%BE%D8%A7%D8%B1%DA%A9%DB%8C%D9%86%DA%AF-%D8%A7%D8%B3%D8%A7%D9%86%D8%B3%D9%88%D8%B1/gatxuRH8?tracker_session_id=ea4f2a8c-10f7-46e9-888e-8887426c37dd_gatxuRH8_N,۴,۱۳۸۷,۲
۴۵ متر/تکواحدی/نورگیر/ فول بازسازی/پیروزی,6000000000,45.0,شکوفه,https://divar.ir/v/%DB%B4%DB%B5-%D9%85%D8%AA%D8%B1-%D8%AA%DA%A9%D9%88%D8%A7%D8%AD%D8%AF%DB%8C-%D9%86%D9%88%D8%B1%DA%AF%DB%8C%D8%B1-%D9%81%D9%88%D9%84-%D8%A8%D8%A7%D8%B2%D8%B3%D8%A7%D8%B2%DB%8C-%D9%BE%DB%8C%D8%B1%D9%88%D8%B2%DB%8C/ga2ZuLg1?tracker_session_id=ea4f2a8c-10f7-46e9-888e-8887426c37dd_ga2ZuLg1_N,۴,۱۳۹۰,۱
۷۵ متر/پارکینگ/بلوار قیام,8200000000,75.0,قیام,https://divar.ir/v/%DB%B7%DB%B5-%D9%85%D8%AA%D8%B1-%D9%BE%D8%A7%D8%B1%DA%A9%DB%8C%D9%86%DA%AF-%D8%A8%D9%84%D9%88%D8%A7%D8%B1-%D9%82%DB%8C%D8%A7%D9%85/gafhhQOO?tracker_session_id=ea4f2a8c-10f7-46e9-888e-8887426c37dd_gafhhQOO_N,۲ از ۴,۱۳۸۶,۲
فروش فوری ۹۳ متری خوش نقشه صوفیانی,10500000000,93.0,قیام,https://divar.ir/v/%D9%81%D8%B1%D9%88%D8%B4-%D9%81%D9%88%D8%B1%DB%8C-%DB%B9%DB%B3-%D9%85%D8%AA%D8%B1%DB%8C-%D8%AE%D9%88%D8%B4-%D9%86%D9%82%D8%B4%D9%87-%D8%B5%D9%88%D9%81%DB%8C%D8%A7%D9%86%DB%8C/gaGRMaDD?tracker_session_id=ea4f2a8c-10f7-46e9-888e-8887426c37dd_gaGRMaDD_N,۱ از ۴,۱۳۸۶,۲
۱۱۵متر،۲خواب(شکوفه بیدهندی)نوساز،پارکینگ آسانسور,27000000000,115.0,شکوفه,https://divar.ir/v/%DB%B1%DB%B1%DB%B5%D9%85%D8%AA%D8%B1-%DB%B2%D8%AE%D9%88%D8%A7%D8%A8-%D8%B4%DA%A9%D9%88%D9%81%D9%87-%D8%A8%DB%8C%D8%AF%D9%87%D9%86%D8%AF%DB%8C-%D9%86%D9%88%D8%B3%D8%A7%D8%B2-%D9%BE%D8%A7%D8%B1%DA%A9%DB%8C%D9%86%DA%AF-%D8%A2%D8%B3%D8%A7%D9%86%D8%B3%D9%88%D8%B1/ga29CZ9u?tracker_session_id=ea4f2a8c-10f7-46e9-888e-8887426c37dd_ga29CZ9u_N,۳ از ۵,۱۴۰۵,۲
۹۸متر*دو خواب*تک واحدی,10850000000,98.0,قیام,https://divar.ir/v/%DB%B9%DB%B8%D9%85%D8%AA%D8%B1-%D8%AF%D9%88-%D8%AE%D9%88%D8%A7%D8%A8-%D8%AA%DA%A9-%D9%88%D8%A7%D8%AD%D8%AF%DB%8C/gaqVAxFv?tracker_session_id=ea4f2a8c-10f7-46e9-888e-8887426c37dd_gaqVAxFv_N,۲,۱۳۹۳,۲
آپارتمان 157 متری خیابان ایران,29900000000,157.0,ایران,https://divar.ir/v/%D8%A2%D9%BE%D8%A7%D8%B1%D8%AA%D9%85%D8%A7%D9%86-157-%D9%85%D8%AA%D8%B1%DB%8C-%D8%AE%DB%8C%D8%A7%D8%A8%D8%A7%D9%86-%D8%A7%DB%8C%D8%B1%D8%A7%D9%86/ga2tQ7ln?tracker_session_id=ea4f2a8c-10f7-46e9-888e-8887426c37dd_ga2tQ7ln_N,,,
آپارتمان 70 متری پیروزی شکوفه کوچه خوشرو,11000000000,70.0,شکوفه,https://divar.ir/v/%D8%A2%D9%BE%D8%A7%D8%B1%D8%AA%D9%85%D8%A7%D9%86-70-%D9%85%D8%AA%D8%B1%DB%8C-%D9%BE%DB%8C%D8%B1%D9%88%D8%B2%DB%8C-%D8%B4%DA%A9%D9%88%D9%81%D9%87-%DA%A9%D9%88%DA%86%D9%87-%D8%AE%D9%88%D8%B4%D8%B1%D9%88/gaa9w7N8?tracker_session_id=ea4f2a8c-10f7-46e9-888e-8887426c37dd_gaa9w7N8_N,,,
آپارتمان59متر1خ آسانسورشکوفه گیلکی عامری کیامنش,8500000000,59.0,شکوفه,https://divar.ir/v/%D8%A2%D9%BE%D8%A7%D8%B1%D8%AA%D9%85%D8%A7%D9%8659%D9%85%D8%AA%D8%B11%D8%AE-%D8%A2%D8%B3%D8%A7%D9%86%D8%B3%D9%88%D8%B1%D8%B4%DA%A9%D9%88%D9%81%D9%87-%DA%AF%DB%8C%D9%84%DA%A9%DB%8C-%D8%B9%D8%A7%D9%85%D8%B1%DB%8C-%DA%A9%DB%8C%D8%A7%D9%85%D9%86%D8%B4/gai5jsIr?tracker_session_id=ea4f2a8c-10f7-46e9-888e-8887426c37dd_gai5jsIr_N,۱ از ۴,۱۳۹۴,۱
۱۰۵متری در قلب شکوفه// فروش فوری,13400000000,105.0,شکوفه,https://divar.ir/v/%DB%B1%DB%B0%DB%B5%D9%85%D8%AA%D8%B1%DB%8C-%D8%AF%D8%B1-%D9%82%D9%84%D8%A8-%D8%B4%DA%A9%D9%88%D9%81%D9%87-%D9%81%D8%B1%D9%88%D8%B4-%D9%81%D9%88%D8%B1%DB%8C/gajtJiDe?tracker_session_id=ea4f2a8c-10f7-46e9-888e-8887426c37dd_gajtJiDe_N,۲ از ۳,۱۳۸۰,۲
۴۹ متری ، نورگیر ، خوش نقشه ، عروسک,5200000000,49.0,شکوفه,https://divar.ir/v/%DB%B4%DB%B9-%D9%85%D8%AA%D8%B1%DB%8C-%D9%86%D9%88%D8%B1%DA%AF%DB%8C%D8%B1-%D8%AE%D9%88%D8%B4-%D9%86%D9%82%D8%B4%D9%87-%D8%B9%D8%B1%D9%88%D8%B3%DA%A9/ga1F90c5?tracker_session_id=ea4f2a8c-10f7-46e9-888e-8887426c37dd_ga1F90c5_N,۲ از ۴,۱۳۸۱,۱
خ پیروزی خ شکوفه ۷۵ متر,12300000000,75.0,شکوفه,https://divar.ir/v/%D8%AE-%D9%BE%DB%8C%D8%B1%D9%88%D8%B2%DB%8C-%D8%AE-%D8%B4%DA%A9%D9%88%D9%81%D9%87-%DB%B7%DB%B5-%D9%85%D8%AA%D8%B1/ga1RsFUa?tracker_session_id=ea4f2a8c-10f7-46e9-888e-8887426c37dd_ga1RsFUa_N,,,
آپارتمان ۵۸ متری شیک و تمیز - خیابان کرمان غربی,6750000000,58.0,شکوفه,https://divar.ir/v/%D8%A2%D9%BE%D8%A7%D8%B1%D8%AA%D9%85%D8%A7%D9%86-%DB%B5%DB%B8-%D9%85%D8%AA%D8%B1%DB%8C-%D8%B4%DB%8C%DA%A9-%D9%88-%D8%AA%D9%85%DB%8C%D8%B2-%D8%AE%DB%8C%D8%A7%D8%A8%D8%A7%D9%86-%DA%A9%D8%B1%D9%85%D8%A7%D9%86-%D8%BA%D8%B1%D8%A8%DB%8C/gafxwx0N?tracker_session_id=ea4f2a8c-10f7-46e9-888e-8887426c37dd_gafxwx0N_N,۲ از ۴,۱۳۸۵,۱
آپارتمان 77متر فول تکواحد شکوفه گیلکی عامری کیامنش,16000000000,77.0,شکوفه,https://divar.ir/v/%D8%A2%D9%BE%D8%A7%D8%B1%D8%AA%D9%85%D8%A7%D9%86-77%D9%85%D8%AA%D8%B1-%D9%81%D9%88%D9%84-%D8%AA%DA%A9%D9%88%D8%A7%D8%AD%D8%AF-%D8%B4%DA%A9%D9%88%D9%81%D9%87-%DA%AF%DB%8C%D9%84%DA%A9%DB%8C-%D8%B9%D8%A7%D9%85%D8%B1%DB%8C-%DA%A9%DB%8C%D8%A7%D9%85%D9%86%D8%B4/ga0d0IMo?tracker_session_id=ea4f2a8c-10f7-46e9-888e-8887426c37dd_ga0d0IMo_N,۴ از ۵,۱۴۰۲,۲
فول بازسازی ۷۸ متر جنوبی طبقه اول مترو امیرکبیر,14000000000,78.0,شکوفه,https://divar.ir/v/%D9%81%D9%88%D9%84-%D8%A8%D8%A7%D8%B2%D8%B3%D8%A7%D8%B2%DB%8C-%DB%B7%DB%B8-%D9%85%D8%AA%D8%B1-%D8%AC%D9%86%D9%88%D8%A8%DB%8C-%D8%B7%D8%A8%D9%82%D9%87-%D8%A7%D9%88%D9%84-%D9%85%D8%AA%D8%B1%D9%88-%D8%A7%D9%85%DB%8C%D8%B1%DA%A9%D8%A8%DB%8C%D8%B1/ga0Nka4i?tracker_session_id=ea4f2a8c-10f7-46e9-888e-8887426c37dd_ga0Nka4i_N,۱,۱۳۸۳,۲
فروش آپارتمان ۱۱۲متر تکواحد خیابان ایران,27000000000,112.0,ایران,https://divar.ir/v/%D9%81%D8%B1%D9%88%D8%B4-%D8%A2%D9%BE%D8%A7%D8%B1%D8%AA%D9%85%D8%A7%D9%86-%DB%B1%DB%B1%DB%B2%D9%85%D8%AA%D8%B1-%D8%AA%DA%A9%D9%88%D8%A7%D8%AD%D8%AF-%D8%AE%DB%8C%D8%A7%D8%A8%D8%A7%D9%86-%D8%A7%DB%8C%D8%B1%D8%A7%D9%86/gau8EouW?tracker_session_id=ea4f2a8c-10f7-46e9-888e-8887426c37dd_gau8EouW_N,۴ از ۵,۱۴۰۰,۲
خوش نقشه ، 130متر ، موقعیت عالی,34500000000,130.0,ایران,https://divar.ir/v/%D8%AE%D9%88%D8%B4-%D9%86%D9%82%D8%B4%D9%87-130%D9%85%D8%AA%D8%B1-%D9%85%D9%88%D9%82%D8%B9%DB%8C%D8%AA-%D8%B9%D8%A7%D9%84%DB%8C/gaiJkCf0?tracker_session_id=ea4f2a8c-10f7-46e9-888e-8887426c37dd_gaiJkCf0_N,همکف از ۶,۱۳۹۶,۳
۹۱متر سالن پرده خور,12200000000,91.0,ایران,https://divar.ir/v/%DB%B9%DB%B1%D9%85%D8%AA%D8%B1-%D8%B3%D8%A7%D9%84%D9%86-%D9%BE%D8%B1%D8%AF%D9%87-%D8%AE%D9%88%D8%B1/ga01TSfq?tracker_session_id=ea4f2a8c-10f7-46e9-888e-8887426c37dd_ga01TSfq_N,۱,۱۳۹۰,۲
۷۲متر/۲خواب/فول امکانات/شکوفه خشرو,16600000000,72.0,شکوفه,https://divar.ir/v/%DB%B7%DB%B2%D9%85%D8%AA%D8%B1-%DB%B2%D8%AE%D9%88%D8%A7%D8%A8-%D9%81%D9%88%D9%84-%D8%A7%D9%85%DA%A9%D8%A7%D9%86%D8%A7%D8%AA-%D8%B4%DA%A9%D9%88%D9%81%D9%87-%D8%AE%D8%B4%D8%B1%D9%88/ga0xDnE9?tracker_session_id=ea4f2a8c-10f7-46e9-888e-8887426c37dd_ga0xDnE9_N,۴ از ۶,۱۴۰۳,۲
۵۸متر/تک خواب/پیروزی/آسانسور دار/شکوفه,7200000000,58.0,شکوفه,https://divar.ir/v/%DB%B5%DB%B8%D9%85%D8%AA%D8%B1-%D8%AA%DA%A9-%D8%AE%D9%88%D8%A7%D8%A8-%D9%BE%DB%8C%D8%B1%D9%88%D8%B2%DB%8C-%D8%A2%D8%B3%D8%A7%D9%86%D8%B3%D9%88%D8%B1-%D8%AF%D8%A7%D8%B1-%D8%B4%DA%A9%D9%88%D9%81%D9%87/gaOMcp1N?tracker_session_id=ea4f2a8c-10f7-46e9-888e-8887426c37dd_gaOMcp1N_N,۴,۱۳۸۲,۱
آجودانیه ۳۰۰ متر ۴ خواب,160000000000,300.0,آجودانیه,https://divar.ir/v/%D8%A2%D8%AC%D9%88%D8%AF%D8%A7%D9%86%DB%8C%D9%87-%DB%B3%DB%B0%DB%B0-%D9%85%D8%AA%D8%B1-%DB%B4-%D8%AE%D9%88%D8%A7%D8%A8/gaw9nCul?tracker_session_id=5fc64907-e812-4e23-b022-a8d836b6a0f9_gaw9nCul_N,۳,۱۳۹۶,۴
۳۰۵ متر ۴ خواب اقدسیه,165000000000,305.0,آجودانیه,https://divar.ir/v/%DB%B3%DB%B0%DB%B5-%D9%85%D8%AA%D8%B1-%DB%B4-%D8%AE%D9%88%D8%A7%D8%A8-%D8%A7%D9%82%D8%AF%D8%B3%DB%8C%D9%87/gayYaN5T?tracker_session_id=5fc64907-e812-4e23-b022-a8d836b6a0f9_gayYaN5T_N,۴ از ۵,۱۳۹۴,۴
فروش آپارتمان ۲۰۰ متری کلید نخورده در آجودانیه,120000000000,200.0,آجودانیه,https://divar.ir/v/%D9%81%D8%B1%D9%88%D8%B4-%D8%A2%D9%BE%D8%A7%D8%B1%D8%AA%D9%85%D8%A7%D9%86-%DB%B2%DB%B0%DB%B0-%D9%85%D8%AA%D8%B1%DB%8C-%DA%A9%D9%84%DB%8C%D8%AF-%D9%86%D8%AE%D9%88%D8%B1%D8%AF%D9%87-%D8%AF%D8%B1-%D8%A2%D8%AC%D9%88%D8%AF%D8%A7%D9%86%DB%8C%D9%87/ga2xtgp7?tracker_session_id=5fc64907-e812-4e23-b022-a8d836b6a0f9_ga2xtgp7_N,۵,۱۴۰۵,۳
آجودانیه/۲۰۰متر/۳خواب مستر/فول‌مشاعات,120000000000,200.0,آجودانیه,https://divar.ir/v/%D8%A2%D8%AC%D9%88%D8%AF%D8%A7%D9%86%DB%8C%D9%87-%DB%B2%DB%B0%DB%B0%D9%85%D8%AA%D8%B1-%DB%B3%D8%AE%D9%88%D8%A7%D8%A8-%D9%85%D8%B3%D8%AA%D8%B1-%D9%81%D9%88%D9%84-%D9%85%D8%B4%D8%A7%D8%B9%D8%A7%D8%AA/gaXxCS5A?tracker_session_id=5fc64907-e812-4e23-b022-a8d836b6a0f9_gaXxCS5A_N,۳,۱۴۰۵,۳
۱۶۵متر آجودانیه ویو دار,75000000000,165.0,آجودانیه,https://divar.ir/v/%DB%B1%DB%B6%DB%B5%D9%85%D8%AA%D8%B1-%D8%A2%D8%AC%D9%88%D8%AF%D8%A7%D9%86%DB%8C%D9%87-%D9%88%DB%8C%D9%88-%D8%AF%D8%A7%D8%B1/ga29v5Gn?tracker_session_id=5fc64907-e812-4e23-b022-a8d836b6a0f9_ga29v5Gn_N,۸,۱۳۸۵,۳
آجودانیه ۸۰ متر ۲ خواب / فول امکانات,33600000000,80.0,آجودانیه,https://divar.ir/v/%D8%A2%D8%AC%D9%88%D8%AF%D8%A7%D9%86%DB%8C%D9%87-%DB%B8%DB%B0-%D9%85%D8%AA%D8%B1-%DB%B2-%D8%AE%D9%88%D8%A7%D8%A8-%D9%81%D9%88%D9%84-%D8%A7%D9%85%DA%A9%D8%A7%D9%86%D8%A7%D8%AA/gaYZ4T8T?tracker_session_id=5fc64907-e812-4e23-b022-a8d836b6a0f9_gaYZ4T8T_N,,,
۱۸۰ متر آجودانیه / فول آپشن /لوکس و خوش‌نقشه,124860000000,180.0,آجودانیه,https://divar.ir/v/%DB%B1%DB%B8%DB%B0-%D9%85%D8%AA%D8%B1-%D8%A2%D8%AC%D9%88%D8%AF%D8%A7%D9%86%DB%8C%D9%87-%D9%81%D9%88%D9%84-%D8%A2%D9%BE%D8%B4%D9%86-%D9%84%D9%88%DA%A9%D8%B3-%D9%88-%D8%AE%D9%88%D8%B4-%D9%86%D9%82%D8%B4%D9%87/gaRl-GRD?tracker_session_id=5fc64907-e812-4e23-b022-a8d836b6a0f9_gaRl-GRD_N,۵,۱۳۹۸,۳
اپارتمان ۱۷۰ متر مربع,100000000000,170.0,آجودانیه,https://divar.ir/v/%D8%A7%D9%BE%D8%A7%D8%B1%D8%AA%D9%85%D8%A7%D9%86-%DB%B1%DB%B7%DB%B0-%D9%85%D8%AA%D8%B1-%D9%85%D8%B1%D8%A8%D8%B9/gawp6KXD?tracker_session_id=5fc64907-e812-4e23-b022-a8d836b6a0f9_gawp6KXD_N,۲,۱۴۰۴,۳
آجودانیه ۲۵۰ متر ساختمان مدرن فول مشاعات,172000000000,250.0,آجودانیه,https://divar.ir/v/%D8%A2%D8%AC%D9%88%D8%AF%D8%A7%D9%86%DB%8C%D9%87-%DB%B2%DB%B5%DB%B0-%D9%85%D8%AA%D8%B1-%D8%B3%D8%A7%D8%AE%D8%AA%D9%85%D8%A7%D9%86-%D9%85%D8%AF%D8%B1%D9%86-%D9%81%D9%88%D9%84-%D9%85%D8%B4%D8%A7%D8%B9%D8%A7%D8%AA/ga0NDbmG?tracker_session_id=5fc64907-e812-4e23-b022-a8d836b6a0f9_ga0NDbmG_N,۳ از ۵,۱۴۰۵,۳
آجودانیه ۱۸۵ متر ۳ خواب مستر کلاسیک,98000000000,185.0,آجودانیه,https://divar.ir/v/%D8%A2%D8%AC%D9%88%D8%AF%D8%A7%D9%86%DB%8C%D9%87-%DB%B1%DB%B8%DB%B5-%D9%85%D8%AA%D8%B1-%DB%B3-%D8%AE%D9%88%D8%A7%D8%A8-%D9%85%D8%B3%D8%AA%D8%B1-%DA%A9%D9%84%D8%A7%D8%B3%DB%8C%DA%A9/ga0RFU-a?tracker_session_id=5fc64907-e812-4e23-b022-a8d836b6a0f9_ga0RFU-a_N,۳,۱۳۹۴,۳
۹۰ متر آجودانیه / فول مشاعات کامل نور مستقیم,52000000000,90.0,آجودانیه,https://divar.ir/v/%DB%B9%DB%B0-%D9%85%D8%AA%D8%B1-%D8%A2%D8%AC%D9%88%D8%AF%D8%A7%D9%86%DB%8C%D9%87-%D9%81%D9%88%D9%84-%D9%85%D8%B4%D8%A7%D8%B9%D8%A7%D8%AA-%DA%A9%D8%A7%D9%85%D9%84-%D9%86%D9%88%D8%B1-%D9%85%D8%B3%D8%AA%D9%82%DB%8C%D9%85/gal9aKBQ?tracker_session_id=5fc64907-e812-4e23-b022-a8d836b6a0f9_gal9aKBQ_N,۱,۱۳۹۶,۲
فروش آپارتمان 135 متری در آجودانیه,47000000000,135.0,آجودانیه,https://divar.ir/v/%D9%81%D8%B1%D9%88%D8%B4-%D8%A2%D9%BE%D8%A7%D8%B1%D8%AA%D9%85%D8%A7%D9%86-135-%D9%85%D8%AA%D8%B1%DB%8C-%D8%AF%D8%B1-%D8%A2%D8%AC%D9%88%D8%AF%D8%A7%D9%86%DB%8C%D9%87/galBfS7O?tracker_session_id=5fc64907-e812-4e23-b022-a8d836b6a0f9_galBfS7O_N,۱,۱۳۹۰,۳
آجودانیه/ ۲۰۶ متر برج باغ / طبقه ۱۰,169700000000,206.0,آجودانیه,https://divar.ir/v/%D8%A2%D8%AC%D9%88%D8%AF%D8%A7%D9%86%DB%8C%D9%87-%DB%B2%DB%B0%DB%B6-%D9%85%D8%AA%D8%B1-%D8%A8%D8%B1%D8%AC-%D8%A8%D8%A7%D8%BA-%D8%B7%D8%A8%D9%82%D9%87-%DB%B1%DB%B0/ganZzJ18?tracker_session_id=5fc64907-e812-4e23-b022-a8d836b6a0f9_ganZzJ18_N,۱۰,۱۴۰۲,۳
آجودانیه۱۰۰متر۲خواب/دسترسی ایده آل/نورگیرجنوبوشمال,46000000000,100.0,آجودانیه,https://divar.ir/v/%D8%A2%D8%AC%D9%88%D8%AF%D8%A7%D9%86%DB%8C%D9%87%DB%B1%DB%B0%DB%B0%D9%85%D8%AA%D8%B1%DB%B2%D8%AE%D9%88%D8%A7%D8%A8-%D8%AF%D8%B3%D8%AA%D8%B1%D8%B3%DB%8C-%D8%A7%DB%8C%D8%AF%D9%87-%D8%A2%D9%84-%D9%86%D9%88%D8%B1%DA%AF%DB%8C%D8%B1%D8%AC%D9%86%D9%88%D8%A8%D9%88%D8%B4%D9%85%D8%A7%D9%84/gaz1Mg3U?tracker_session_id=5fc64907-e812-4e23-b022-a8d836b6a0f9_gaz1Mg3U_N,۳ از ۵,۱۳۸۸,۲
۱۸۰متر آجودانیه ۳خواب مستر,136000000000,180.0,آجودانیه,https://divar.ir/v/%DB%B1%DB%B8%DB%B0%D9%85%D8%AA%D8%B1-%D8%A2%D8%AC%D9%88%D8%AF%D8%A7%D9%86%DB%8C%D9%87-%DB%B3%D8%AE%D9%88%D8%A7%D8%A8-%D9%85%D8%B3%D8%AA%D8%B1/gazh071F?tracker_session_id=5fc64907-e812-4e23-b022-a8d836b6a0f9_gazh071F_N,۲,۱۴۰۵,۳
اجودانیه ۱۵۰ متر سه خواب فول نوساز,127500000000,150.0,آجودانیه,https://divar.ir/v/%D8%A7%D8%AC%D9%88%D8%AF%D8%A7%D9%86%DB%8C%D9%87-%DB%B1%DB%B5%DB%B0-%D9%85%D8%AA%D8%B1-%D8%B3%D9%87-%D8%AE%D9%88%D8%A7%D8%A8-%D9%81%D9%88%D9%84-%D9%86%D9%88%D8%B3%D8%A7%D8%B2/gazNjyaS?tracker_session_id=5fc64907-e812-4e23-b022-a8d836b6a0f9_gazNjyaS_N,۲ از ۶,۱۴۰۵,۳
۳۱۰ متر از فرزاد دلیری/۴ خواب/ زیر قیمت آجودانیه,158000000000,310.0,آجودانیه,https://divar.ir/v/%DB%B3%DB%B1%DB%B0-%D9%85%D8%AA%D8%B1-%D8%A7%D8%B2-%D9%81%D8%B1%D8%B2%D8%A7%D8%AF-%D8%AF%D9%84%DB%8C%D8%B1%DB%8C-%DB%B4-%D8%AE%D9%88%D8%A7%D8%A8-%D8%B2%DB%8C%D8%B1-%D9%82%DB%8C%D9%85%D8%AA-%D8%A2%D8%AC%D9%88%D8%AF%D8%A7%D9%86%DB%8C%D9%87/gawcBur9?tracker_session_id=5fc64907-e812-4e23-b022-a8d836b6a0f9_gawcBur9_N,,,
۱۹۰ متر آجودانیه / فول مشاعات (پلان مهندسی) ۲پ,110000000000,190.0,آجودانیه,https://divar.ir/v/%DB%B1%DB%B9%DB%B0-%D9%85%D8%AA%D8%B1-%D8%A2%D8%AC%D9%88%D8%AF%D8%A7%D9%86%DB%8C%D9%87-%D9%81%D9%88%D9%84-%D9%85%D8%B4%D8%A7%D8%B9%D8%A7%D8%AA-%D9%BE%D9%84%D8%A7%D9%86-%D9%85%D9%87%D9%86%D8%AF%D8%B3%DB%8C-%DB%B2%D9%BE/gaRdvxxb?tracker_session_id=5fc64907-e812-4e23-b022-a8d836b6a0f9_gaRdvxxb_N,۴ از ۵,۱۳۹۶,۳
آجودانیه/۲۲۰متر/۳خواب مستر /نوساز,125000000000,220.0,آجودانیه,https://divar.ir/v/%D8%A2%D8%AC%D9%88%D8%AF%D8%A7%D9%86%DB%8C%D9%87-%DB%B2%DB%B2%DB%B0%D9%85%D8%AA%D8%B1-%DB%B3%D8%AE%D9%88%D8%A7%D8%A8-%D9%85%D8%B3%D8%AA%D8%B1-%D9%86%D9%88%D8%B3%D8%A7%D8%B2/gaKdGPX5?tracker_session_id=5fc64907-e812-4e23-b022-a8d836b6a0f9_gaKdGPX5_N,۶,۱۴۰۵,۳
فروش واحد ۲۲۱متری متریال استثنایی در اجودانیه,170000000000,221.0,آجودانیه,https://divar.ir/v/%D9%81%D8%B1%D9%88%D8%B4-%D9%88%D8%A7%D8%AD%D8%AF-%DB%B2%DB%B2%DB%B1%D9%85%D8%AA%D8%B1%DB%8C-%D9%85%D8%AA%D8%B1%DB%8C%D8%A7%D9%84-%D8%A7%D8%B3%D8%AA%D8%AB%D9%86%D8%A7%DB%8C%DB%8C-%D8%AF%D8%B1-%D8%A7%D8%AC%D9%88%D8%AF%D8%A7%D9%86%DB%8C%D9%87/gawJp--2?tracker_session_id=5fc64907-e812-4e23-b022-a8d836b6a0f9_gawJp--2_N,۸,۱۴۰۳,۳
آجودانیه ۲۶۵متر ۳تراس بزرگ,130000000000,265.0,آجودانیه,https://divar.ir/v/%D8%A2%D8%AC%D9%88%D8%AF%D8%A7%D9%86%DB%8C%D9%87-%DB%B2%DB%B6%DB%B5%D9%85%D8%AA%D8%B1-%DB%B3%D8%AA%D8%B1%D8%A7%D8%B3-%D8%A8%D8%B2%D8%B1%DA%AF/gadJ-aES?tracker_session_id=5fc64907-e812-4e23-b022-a8d836b6a0f9_gadJ-aES_N,۶ از ۸,۱۳۹۰,۴
جواهر آجودانیه ۱۸۵ متری ۳خواب۲۰۰متر قدرالسهم کاسبی,130390000000,185.0,آجودانیه,https://divar.ir/v/%D8%AC%D9%88%D8%A7%D9%87%D8%B1-%D8%A2%D8%AC%D9%88%D8%AF%D8%A7%D9%86%DB%8C%D9%87-%DB%B1%DB%B8%DB%B5-%D9%85%D8%AA%D8%B1%DB%8C-%DB%B3%D8%AE%D9%88%D8%A7%D8%A8%DB%B2%DB%B0%DB%B0%D9%85%D8%AA%D8%B1-%D9%82%D8%AF%D8%B1%D8%A7%D9%84%D8%B3%D9%87%D9%85-%DA%A9%D8%A7%D8%B3%D8%A8%DB%8C/gawd2sBw?tracker_session_id=5fc64907-e812-4e23-b022-a8d836b6a0f9_gawd2sBw_N,۲ از ۲,۱۳۸۵,۳
اجودانیه ۲۲۶ متر + ۴۰ متر سوئیت ۳خواب تکواحدی,115000000000,226.0,آجودانیه,https://divar.ir/v/%D8%A7%D8%AC%D9%88%D8%AF%D8%A7%D9%86%DB%8C%D9%87-%DB%B2%DB%B2%DB%B6-%D9%85%D8%AA%D8%B1-%DB%B4%DB%B0-%D9%85%D8%AA%D8%B1-%D8%B3%D9%88%D8%A6%DB%8C%D8%AA-%DB%B3%D8%AE%D9%88%D8%A7%D8%A8-%D8%AA%DA%A9%D9%88%D8%A7%D8%AD%D8%AF%DB%8C/gaStBlAX?tracker_session_id=5fc64907-e812-4e23-b022-a8d836b6a0f9_gaStBlAX_N,۳ از ۵,۱۳۸۸,۳
آجودانیه ۱۹۰ متر ۳ خوابه نور ویو شمال و جنوب,111000000000,190.0,آجودانیه,https://divar.ir/v/%D8%A2%D8%AC%D9%88%D8%AF%D8%A7%D9%86%DB%8C%D9%87-%DB%B1%DB%B9%DB%B0-%D9%85%D8%AA%D8%B1-%DB%B3-%D8%AE%D9%88%D8%A7%D8%A8%D9%87-%D9%86%D9%88%D8%B1-%D9%88%DB%8C%D9%88-%D8%B4%D9%85%D8%A7%D9%84-%D9%88-%D8%AC%D9%86%D9%88%D8%A8/gaw1DfpB?tracker_session_id=5fc64907-e812-4e23-b022-a8d836b6a0f9_gaw1DfpB_N,۴,۱۳۹۸,۳
آجودانیه ۱۸۰ متر بنا ۱۰۱ متر قدرالسهم فروش و تهاطر,70000000000,180.0,آجودانیه,https://divar.ir/v/%D8%A2%D8%AC%D9%88%D8%AF%D8%A7%D9%86%DB%8C%D9%87-%DB%B1%DB%B8%DB%B0-%D9%85%D8%AA%D8%B1-%D8%A8%D9%86%D8%A7-%DB%B1%DB%B0%DB%B1-%D9%85%D8%AA%D8%B1-%D9%82%D8%AF%D8%B1%D8%A7%D9%84%D8%B3%D9%87%D9%85-%D9%81%D8%B1%D9%88%D8%B4-%D9%88-%D8%AA%D9%87%D8%A7%D8%B7%D8%B1/gaA58MA3?tracker_session_id=5fc64907-e812-4e23-b022-a8d836b6a0f9_gaA58MA3_N,۱,۱۳۸۲,۳
۱۹۱ متر تک واحد زیر قیمت سرمایه گذاری آجودانیه,98000000000,191.0,آجودانیه,https://divar.ir/v/%DB%B1%DB%B9%DB%B1-%D9%85%D8%AA%D8%B1-%D8%AA%DA%A9-%D9%88%D8%A7%D8%AD%D8%AF-%D8%B2%DB%8C%D8%B1-%D9%82%DB%8C%D9%85%D8%AA-%D8%B3%D8%B1%D9%85%D8%A7%DB%8C%D9%87-%DA%AF%D8%B0%D8%A7%D8%B1%DB%8C-%D8%A2%D8%AC%D9%88%D8%AF%D8%A7%D9%86%DB%8C%D9%87/ganljdCw?tracker_session_id=5fc64907-e812-4e23-b022-a8d836b6a0f9_ganljdCw_N,۴ از ۶,۱۳۹۸,۳
آجودانیه۱۴۵متر۳خواب/لابی/روف/فرعی دنج مشجر,60000000000,145.0,آجودانیه,https://divar.ir/v/%D8%A2%D8%AC%D9%88%D8%AF%D8%A7%D9%86%DB%8C%D9%87%DB%B1%DB%B4%DB%B5%D9%85%D8%AA%D8%B1%DB%B3%D8%AE%D9%88%D8%A7%D8%A8-%D9%84%D8%A7%D8%A8%DB%8C-%D8%B1%D9%88%D9%81-%D9%81%D8%B1%D8%B9%DB%8C-%D8%AF%D9%86%D8%AC-%D9%85%D8%B4%D8%AC%D8%B1/gavZdBUY?tracker_session_id=5fc64907-e812-4e23-b022-a8d836b6a0f9_gavZdBUY_N,۱ از ۵,۱۴۰۱,۳
۱۹۰متر/ سه خواب/ تک واحدی/ آجودانیه,99000000000,190.0,آجودانیه,https://divar.ir/v/%DB%B1%DB%B9%DB%B0%D9%85%D8%AA%D8%B1-%D8%B3%D9%87-%D8%AE%D9%88%D8%A7%D8%A8-%D8%AA%DA%A9-%D9%88%D8%A7%D8%AD%D8%AF%DB%8C-%D8%A2%D8%AC%D9%88%D8%AF%D8%A7%D9%86%DB%8C%D9%87/gaDVGsC4?tracker_session_id=5fc64907-e812-4e23-b022-a8d836b6a0f9_gaDVGsC4_N,۴ از ۵,۱۳۹۵,۳
۷۰ متر تاپ لوکیشن آجودانیه نور جنوب تراس بزرگ,35200000000,70.0,آجودانیه,https://divar.ir/v/%DB%B7%DB%B0-%D9%85%D8%AA%D8%B1-%D8%AA%D8%A7%D9%BE-%D9%84%D9%88%DA%A9%DB%8C%D8%B4%D9%86-%D8%A2%D8%AC%D9%88%D8%AF%D8%A7%D9%86%DB%8C%D9%87-%D9%86%D9%88%D8%B1-%D8%AC%D9%86%D9%88%D8%A8-%D8%AA%D8%B1%D8%A7%D8%B3-%D8%A8%D8%B2%D8%B1%DA%AF/gav1ghL0?tracker_session_id=5fc64907-e812-4e23-b022-a8d836b6a0f9_gav1ghL0_N,,,
سپند ۱۹۰ متر ۳ خواب ۱ مستر / بازسازی شده,77000000000,190.0,آجودانیه,https://divar.ir/v/%D8%B3%D9%BE%D9%86%D8%AF-%DB%B1%DB%B9%DB%B0-%D9%85%D8%AA%D8%B1-%DB%B3-%D8%AE%D9%88%D8%A7%D8%A8-%DB%B1-%D9%85%D8%B3%D8%AA%D8%B1-%D8%A8%D8%A7%D8%B2%D8%B3%D8%A7%D8%B2%DB%8C-%D8%B4%D8%AF%D9%87/gaE9OLWm?tracker_session_id=5fc64907-e812-4e23-b022-a8d836b6a0f9_gaE9OLWm_N,۱,۱۳۸۵,۳
۱۷۰متر آجودانیه ۴ پارکینگ با تراس قابل چیدمان,75000000000,170.0,آجودانیه,https://divar.ir/v/%DB%B1%DB%B7%DB%B0%D9%85%D8%AA%D8%B1-%D8%A2%D8%AC%D9%88%D8%AF%D8%A7%D9%86%DB%8C%D9%87-%DB%B4-%D9%BE%D8%A7%D8%B1%DA%A9%DB%8C%D9%86%DA%AF-%D8%A8%D8%A7-%D8%AA%D8%B1%D8%A7%D8%B3-%D9%82%D8%A7%D8%A8%D9%84-%DA%86%DB%8C%D8%AF%D9%85%D8%A7%D9%86/gavpwjK8?tracker_session_id=5fc64907-e812-4e23-b022-a8d836b6a0f9_gavpwjK8_N,۴,۱۳۸۵,۳
۱۵۰ متر ۳ خواب آجودانیه نوساز مدرن فول مشاعات,100000000000,150.0,آجودانیه,https://divar.ir/v/%DB%B1%DB%B5%DB%B0-%D9%85%D8%AA%D8%B1-%DB%B3-%D8%AE%D9%88%D8%A7%D8%A8-%D8%A2%D8%AC%D9%88%D8%AF%D8%A7%D9%86%DB%8C%D9%87-%D9%86%D9%88%D8%B3%D8%A7%D8%B2-%D9%85%D8%AF%D8%B1%D9%86-%D9%81%D9%88%D9%84-%D9%85%D8%B4%D8%A7%D8%B9%D8%A7%D8%AA/gauNuR4b?tracker_session_id=5fc64907-e812-4e23-b022-a8d836b6a0f9_gauNuR4b_N,۳,۱۴۰۴,۳
آجودانیه۱۷۰متر۳خواب/مدرن/۳پارکینگ/تاپ لوکیشن,108000000000,170.0,آجودانیه,https://divar.ir/v/%D8%A2%D8%AC%D9%88%D8%AF%D8%A7%D9%86%DB%8C%D9%87%DB%B1%DB%B7%DB%B0%D9%85%D8%AA%D8%B1%DB%B3%D8%AE%D9%88%D8%A7%D8%A8-%D9%85%D8%AF%D8%B1%D9%86-%DB%B3%D9%BE%D8%A7%D8%B1%DA%A9%DB%8C%D9%86%DA%AF-%D8%AA%D8%A7%D9%BE-%D9%84%D9%88%DA%A9%DB%8C%D8%B4%D9%86/gafJFscU?tracker_session_id=5fc64907-e812-4e23-b022-a8d836b6a0f9_gafJFscU_N,۳,۱۴۰۴,۳
۲۱۰ متر/آجودانیه/کلیدنخورده/غرق نور,159000000000,210.0,آجودانیه,https://divar.ir/v/%DB%B2%DB%B1%DB%B0-%D9%85%D8%AA%D8%B1-%D8%A2%D8%AC%D9%88%D8%AF%D8%A7%D9%86%DB%8C%D9%87-%DA%A9%D9%84%DB%8C%D8%AF%D9%86%D8%AE%D9%88%D8%B1%D8%AF%D9%87-%D8%BA%D8%B1%D9%82-%D9%86%D9%88%D8%B1/gatJt6ET?tracker_session_id=5fc64907-e812-4e23-b022-a8d836b6a0f9_gatJt6ET_N,۳,۱۴۰۳,۳
100متر/آجودانیه/بازسازی شده/2خواب,55000000000,100.0,آجودانیه,https://divar.ir/v/100%D9%85%D8%AA%D8%B1-%D8%A2%D8%AC%D9%88%D8%AF%D8%A7%D9%86%DB%8C%D9%87-%D8%A8%D8%A7%D8%B2%D8%B3%D8%A7%D8%B2%DB%8C-%D8%B4%D8%AF%D9%87-2%D8%AE%D9%88%D8%A7%D8%A8/gat5ukmS?tracker_session_id=5fc64907-e812-4e23-b022-a8d836b6a0f9_gat5ukmS_N,۱ از ۵,۱۳۹۴,۲
۲۴۵ متر مربع,196000000000,245.0,آجودانیه,https://divar.ir/v/%DB%B2%DB%B4%DB%B5-%D9%85%D8%AA%D8%B1-%D9%85%D8%B1%D8%A8%D8%B9/gatZMYzi?tracker_session_id=5fc64907-e812-4e23-b022-a8d836b6a0f9_gatZMYzi_N,۵,۱۴۰۴,۳
فروش ۱۲۰ متر ۲خواب اکازیون,70000000000,120.0,آجودانیه,https://divar.ir/v/%D9%81%D8%B1%D9%88%D8%B4-%DB%B1%DB%B2%DB%B0-%D9%85%D8%AA%D8%B1-%DB%B2%D8%AE%D9%88%D8%A7%D8%A8-%D8%A7%DA%A9%D8%A7%D8%B2%DB%8C%D9%88%D9%86/gatJslLu?tracker_session_id=5fc64907-e812-4e23-b022-a8d836b6a0f9_gatJslLu_N,۲ از ۵,۱۴۰۵,۲
۱۶۷ متر/سه خواب/ آجودانیه,66800000000,167.0,آجودانیه,https://divar.ir/v/%DB%B1%DB%B6%DB%B7-%D9%85%D8%AA%D8%B1-%D8%B3%D9%87-%D8%AE%D9%88%D8%A7%D8%A8-%D8%A2%D8%AC%D9%88%D8%AF%D8%A7%D9%86%DB%8C%D9%87/gan9CE83?tracker_session_id=5fc64907-e812-4e23-b022-a8d836b6a0f9_gan9CE83_N,۲,۱۳۹۰,۳
۱۹۰ متر ۳ خواب مستر فول اجودانیه,100000000000,190.0,آجودانیه,https://divar.ir/v/%DB%B1%DB%B9%DB%B0-%D9%85%D8%AA%D8%B1-%DB%B3-%D8%AE%D9%88%D8%A7%D8%A8-%D9%85%D8%B3%D8%AA%D8%B1-%D9%81%D9%88%D9%84-%D8%A7%D8%AC%D9%88%D8%AF%D8%A7%D9%86%DB%8C%D9%87/gattqSQ6?tracker_session_id=5fc64907-e812-4e23-b022-a8d836b6a0f9_gattqSQ6_N,۳,۱۴۰۰,۳
اجودانیه/۱۲۰متر / نوساز مدرن,70000000000,120.0,آجودانیه,https://divar.ir/v/%D8%A7%D8%AC%D9%88%D8%AF%D8%A7%D9%86%DB%8C%D9%87-%DB%B1%DB%B2%DB%B0%D9%85%D8%AA%D8%B1-%D9%86%D9%88%D8%B3%D8%A7%D8%B2-%D9%85%D8%AF%D8%B1%D9%86/gatFKMZl?tracker_session_id=5fc64907-e812-4e23-b022-a8d836b6a0f9_gatFKMZl_N,۲,۱۴۰۵,۲
۱۵۰ و ۱۹۰ متری آجودانیه نوساز مدرن مشاعات کامل,130000000000,190.0,آجودانیه,https://divar.ir/v/%DB%B1%DB%B5%DB%B0-%D9%88-%DB%B1%DB%B9%DB%B0-%D9%85%D8%AA%D8%B1%DB%8C-%D8%A2%D8%AC%D9%88%D8%AF%D8%A7%D9%86%DB%8C%D9%87-%D9%86%D9%88%D8%B3%D8%A7%D8%B2-%D9%85%D8%AF%D8%B1%D9%86-%D9%85%D8%B4%D8%A7%D8%B9%D8%A7%D8%AA-%DA%A9%D8%A7%D9%85%D9%84/ganVTxok?tracker_session_id=5fc64907-e812-4e23-b022-a8d836b6a0f9_ganVTxok_N,۳ از ۵,۱۴۰۵,۳
۱۹۰ متر آجودانیه ۲ پارکینگ/ پلان عالی (فول مشاعات),110000000000,190.0,آجودانیه,https://divar.ir/v/%DB%B1%DB%B9%DB%B0-%D9%85%D8%AA%D8%B1-%D8%A2%D8%AC%D9%88%D8%AF%D8%A7%D9%86%DB%8C%D9%87-%DB%B2-%D9%BE%D8%A7%D8%B1%DA%A9%DB%8C%D9%86%DA%AF-%D9%BE%D9%84%D8%A7%D9%86-%D8%B9%D8%A7%D9%84%DB%8C-%D9%81%D9%88%D9%84-%D9%85%D8%B4%D8%A7%D8%B9%D8%A7%D8%AA/gantxxbr?tracker_session_id=5fc64907-e812-4e23-b022-a8d836b6a0f9_gantxxbr_N,۴,۱۳۹۶,۳
۱۳۵ متر ۳ خواب / فول امکانات / اقدسیه,45000000000,135.0,آجودانیه,https://divar.ir/v/%DB%B1%DB%B3%DB%B5-%D9%85%D8%AA%D8%B1-%DB%B3-%D8%AE%D9%88%D8%A7%D8%A8-%D9%81%D9%88%D9%84-%D8%A7%D9%85%DA%A9%D8%A7%D9%86%D8%A7%D8%AA-%D8%A7%D9%82%D8%AF%D8%B3%DB%8C%D9%87/gap1t28B?tracker_session_id=5fc64907-e812-4e23-b022-a8d836b6a0f9_gap1t28B_N,۱,۱۳۹۰,۳
فروش دو واحد به متراژ های 90 و 187 متر در آجودانیه,52500000000,187.0,آجودانیه,https://divar.ir/v/%D9%81%D8%B1%D9%88%D8%B4-%D8%AF%D9%88-%D9%88%D8%A7%D8%AD%D8%AF-%D8%A8%D9%87-%D9%85%D8%AA%D8%B1%D8%A7%DA%98-%D9%87%D8%A7%DB%8C-90-%D9%88-187-%D9%85%D8%AA%D8%B1-%D8%AF%D8%B1-%D8%A2%D8%AC%D9%88%D8%AF%D8%A7%D9%86%DB%8C%D9%87/gacF5Kii?tracker_session_id=5fc64907-e812-4e23-b022-a8d836b6a0f9_gacF5Kii_N,۵ از ۶,۱۴۰۰,۲
320 متر سه خواب آجودانیه غرق در نور فول مشاعات,170000000000,320.0,آجودانیه,https://divar.ir/v/320-%D9%85%D8%AA%D8%B1-%D8%B3%D9%87-%D8%AE%D9%88%D8%A7%D8%A8-%D8%A2%D8%AC%D9%88%D8%AF%D8%A7%D9%86%DB%8C%D9%87-%D8%BA%D8%B1%D9%82-%D8%AF%D8%B1-%D9%86%D9%88%D8%B1-%D9%81%D9%88%D9%84-%D9%85%D8%B4%D8%A7%D8%B9%D8%A7%D8%AA/gap5NqFo?tracker_session_id=5fc64907-e812-4e23-b022-a8d836b6a0f9_gap5NqFo_N,۴,۱۳۹۲,۳
۲۲۰ متر ۴ خوابه اجودانیه,93000000000,220.0,آجودانیه,https://divar.ir/v/%DB%B2%DB%B2%DB%B0-%D9%85%D8%AA%D8%B1-%DB%B4-%D8%AE%D9%88%D8%A7%D8%A8%D9%87-%D8%A7%D8%AC%D9%88%D8%AF%D8%A7%D9%86%DB%8C%D9%87/gaPpFOh_?tracker_session_id=5fc64907-e812-4e23-b022-a8d836b6a0f9_gaPpFOh__N,,,
آجودانیه ۲۴۰ متر تکواحدی لوکس,98500000000,240.0,آجودانیه,https://divar.ir/v/%D8%A2%D8%AC%D9%88%D8%AF%D8%A7%D9%86%DB%8C%D9%87-%DB%B2%DB%B4%DB%B0-%D9%85%D8%AA%D8%B1-%D8%AA%DA%A9%D9%88%D8%A7%D8%AD%D8%AF%DB%8C-%D9%84%D9%88%DA%A9%D8%B3/gaCJyVFv?tracker_session_id=5fc64907-e812-4e23-b022-a8d836b6a0f9_gaCJyVFv_N,۳ از ۸,۱۳۸۸,۴
آجودانیه ۱۵۰ متر ۳ خواب نوساز ویو ابدی,89000000000,150.0,آجودانیه,https://divar.ir/v/%D8%A2%D8%AC%D9%88%D8%AF%D8%A7%D9%86%DB%8C%D9%87-%DB%B1%DB%B5%DB%B0-%D9%85%D8%AA%D8%B1-%DB%B3-%D8%AE%D9%88%D8%A7%D8%A8-%D9%86%D9%88%D8%B3%D8%A7%D8%B2-%D9%88%DB%8C%D9%88-%D8%A7%D8%A8%D8%AF%DB%8C/gap9K0M0?tracker_session_id=5fc64907-e812-4e23-b022-a8d836b6a0f9_gap9K0M0_N,۵,۱۴۰۴,۳
۲۱۰متر۳خواب۳جهت نور ۲تراس۲ انبار لابی من آجودانیه,85000000000,210.0,آجودانیه,https://divar.ir/v/%DB%B2%DB%B1%DB%B0%D9%85%D8%AA%D8%B1%DB%B3%D8%AE%D9%88%D8%A7%D8%A8%DB%B3%D8%AC%D9%87%D8%AA-%D9%86%D9%88%D8%B1-%DB%B2%D8%AA%D8%B1%D8%A7%D8%B3%DB%B2-%D8%A7%D9%86%D8%A8%D8%A7%D8%B1-%D9%84%D8%A7%D8%A8%DB%8C-%D9%85%D9%86-%D8%A2%D8%AC%D9%88%D8%AF%D8%A7%D9%86%DB%8C%D9%87/gafxJvS1?tracker_session_id=5fc64907-e812-4e23-b022-a8d836b6a0f9_gafxJvS1_N,۲,۱۳۹۵,۳
آجودانیه ۱۶۷متر/ ۳ خواب مستر / فول / نوساز,136000000000,167.0,آجودانیه,https://divar.ir/v/%D8%A2%D8%AC%D9%88%D8%AF%D8%A7%D9%86%DB%8C%D9%87-%DB%B1%DB%B6%DB%B7%D9%85%D8%AA%D8%B1-%DB%B3-%D8%AE%D9%88%D8%A7%D8%A8-%D9%85%D8%B3%D8%AA%D8%B1-%D9%81%D9%88%D9%84-%D9%86%D9%88%D8%B3%D8%A7%D8%B2/gaolJx2-?tracker_session_id=5fc64907-e812-4e23-b022-a8d836b6a0f9_gaolJx2-_N,۱,۱۴۰۵,۳
۱۰۰ متر ۲ آجودانیه مدرن,52000000000,100.0,آجودانیه,https://divar.ir/v/%DB%B1%DB%B0%DB%B0-%D9%85%D8%AA%D8%B1-%DB%B2-%D8%A2%D8%AC%D9%88%D8%AF%D8%A7%D9%86%DB%8C%D9%87-%D9%85%D8%AF%D8%B1%D9%86/gao9bS9U?tracker_session_id=5fc64907-e812-4e23-b022-a8d836b6a0f9_gao9bS9U_N,۱,۱۳۹۵,۲
۱۸۴ مترِ عالی در آجودانیه با قیمت باورنکردنی,102200000000,184.0,آجودانیه,https://divar.ir/v/%DB%B1%DB%B8%DB%B4-%D9%85%D8%AA%D8%B1%D9%90-%D8%B9%D8%A7%D9%84%DB%8C-%D8%AF%D8%B1-%D8%A2%D8%AC%D9%88%D8%AF%D8%A7%D9%86%DB%8C%D9%87-%D8%A8%D8%A7-%D9%82%DB%8C%D9%85%D8%AA-%D8%A8%D8%A7%D9%88%D8%B1%D9%86%DA%A9%D8%B1%D8%AF%D9%86%DB%8C/gao5Z7Jl?tracker_session_id=5fc64907-e812-4e23-b022-a8d836b6a0f9_gao5Z7Jl_N,۵,۱۳۹۸,۳
اجودانیه /۹۰ متر / فول فرنیش,55000000000,90.0,آجودانیه,https://divar.ir/v/%D8%A7%D8%AC%D9%88%D8%AF%D8%A7%D9%86%DB%8C%D9%87-%DB%B9%DB%B0-%D9%85%D8%AA%D8%B1-%D9%81%D9%88%D9%84-%D9%81%D8%B1%D9%86%DB%8C%D8%B4/gaoB27Br?tracker_session_id=5fc64907-e812-4e23-b022-a8d836b6a0f9_gaoB27Br_N,۱,۱۳۹۳,۲
آجودانیه ۱۳۵متر مدرن نوساز (آفر ویژه),97000000000,135.0,آجودانیه,https://divar.ir/v/%D8%A2%D8%AC%D9%88%D8%AF%D8%A7%D9%86%DB%8C%D9%87-%DB%B1%DB%B3%DB%B5%D9%85%D8%AA%D8%B1-%D9%85%D8%AF%D8%B1%D9%86-%D9%86%D9%88%D8%B3%D8%A7%D8%B2-%D8%A2%D9%81%D8%B1-%D9%88%DB%8C%DA%98%D9%87/gakdGC0I?tracker_session_id=5fc64907-e812-4e23-b022-a8d836b6a0f9_gakdGC0I_N,۴,۱۴۰۵,۲
۱۶۸ متر. فروش. آجودانیه,65000000000,168.0,آجودانیه,https://divar.ir/v/%DB%B1%DB%B6%DB%B8-%D9%85%D8%AA%D8%B1-%D9%81%D8%B1%D9%88%D8%B4-%D8%A2%D8%AC%D9%88%D8%AF%D8%A7%D9%86%DB%8C%D9%87/gagRtWxY?tracker_session_id=5fc64907-e812-4e23-b022-a8d836b6a0f9_gagRtWxY_N,۲ از ۵,۱۳۸۸,۳
۱۷۸ متر/آجودانیه/۳ خواب مستر/۲ پارکینگ/فول امکانات,105780000000,178.0,آجودانیه,https://divar.ir/v/%DB%B1%DB%B7%DB%B8-%D9%85%D8%AA%D8%B1-%D8%A2%D8%AC%D9%88%D8%AF%D8%A7%D9%86%DB%8C%D9%87-%DB%B3-%D8%AE%D9%88%D8%A7%D8%A8-%D9%85%D8%B3%D8%AA%D8%B1-%DB%B2-%D9%BE%D8%A7%D8%B1%DA%A9%DB%8C%D9%86%DA%AF-%D9%81%D9%88%D9%84-%D8%A7%D9%85%DA%A9%D8%A7%D9%86%D8%A7%D8%AA/gaoNVMk-?tracker_session_id=5fc64907-e812-4e23-b022-a8d836b6a0f9_gaoNVMk-_N,۶,۱۴۰۳,۳
۱۵۵ متر ۳ خواب فروشی ، نوساز ، آجودانیه ، تک واحدی,90000000000,155.0,آجودانیه,https://divar.ir/v/%DB%B1%DB%B5%DB%B5-%D9%85%D8%AA%D8%B1-%DB%B3-%D8%AE%D9%88%D8%A7%D8%A8-%D9%81%D8%B1%D9%88%D8%B4%DB%8C-%D9%86%D9%88%D8%B3%D8%A7%D8%B2-%D8%A2%D8%AC%D9%88%D8%AF%D8%A7%D9%86%DB%8C%D9%87-%D8%AA%DA%A9-%D9%88%D8%A7%D8%AD%D8%AF%DB%8C/gaktW6qf?tracker_session_id=5fc64907-e812-4e23-b022-a8d836b6a0f9_gaktW6qf_N,۵ از ۵,۱۴۰۵,۳
۱۹۰متر سپند تکواحدی ۲پارکینگ ویو مشجر ارزنده,96000000000,190.0,آجودانیه,https://divar.ir/v/%DB%B1%DB%B9%DB%B0%D9%85%D8%AA%D8%B1-%D8%B3%D9%BE%D9%86%D8%AF-%D8%AA%DA%A9%D9%88%D8%A7%D8%AD%D8%AF%DB%8C-%DB%B2%D9%BE%D8%A7%D8%B1%DA%A9%DB%8C%D9%86%DA%AF-%D9%88%DB%8C%D9%88-%D9%85%D8%B4%D8%AC%D8%B1-%D8%A7%D8%B1%D8%B2%D9%86%D8%AF%D9%87/gaIcem8o?tracker_session_id=5fc64907-e812-4e23-b022-a8d836b6a0f9_gaIcem8o_N,۴ از ۵,۱۳۹۵,۳
یک واحد مدرن ۱۹۰ متری ، تاپ لوکیشن آجودانیه,140000000000,190.0,آجودانیه,https://divar.ir/v/%DB%8C%DA%A9-%D9%88%D8%A7%D8%AD%D8%AF-%D9%85%D8%AF%D8%B1%D9%86-%DB%B1%DB%B9%DB%B0-%D9%85%D8%AA%D8%B1%DB%8C-%D8%AA%D8%A7%D9%BE-%D9%84%D9%88%DA%A9%DB%8C%D8%B4%D9%86-%D8%A2%D8%AC%D9%88%D8%AF%D8%A7%D9%86%DB%8C%D9%87/gal5qMgn?tracker_session_id=5fc64907-e812-4e23-b022-a8d836b6a0f9_gal5qMgn_N,۳,۱۴۰۵,۳
۳۵۰ متر لوکس ترین مدرن آجودانیه / فول برند,280000000000,350.0,آجودانیه,https://divar.ir/v/%DB%B3%DB%B5%DB%B0-%D9%85%D8%AA%D8%B1-%D9%84%D9%88%DA%A9%D8%B3-%D8%AA%D8%B1%DB%8C%D9%86-%D9%85%D8%AF%D8%B1%D9%86-%D8%A2%D8%AC%D9%88%D8%AF%D8%A7%D9%86%DB%8C%D9%87-%D9%81%D9%88%D9%84-%D8%A8%D8%B1%D9%86%D8%AF/gakt8Fcf?tracker_session_id=5fc64907-e812-4e23-b022-a8d836b6a0f9_gakt8Fcf_N,۳,۱۴۰۵,۳
۱۷۰ متر / ویو باغ فول مشاعات / آجودانیه,135000000000,170.0,آجودانیه,https://divar.ir/v/%DB%B1%DB%B7%DB%B0-%D9%85%D8%AA%D8%B1-%D9%88%DB%8C%D9%88-%D8%A8%D8%A7%D8%BA-%D9%81%D9%88%D9%84-%D9%85%D8%B4%D8%A7%D8%B9%D8%A7%D8%AA-%D8%A2%D8%AC%D9%88%D8%AF%D8%A7%D9%86%DB%8C%D9%87/gakR9Ewh?tracker_session_id=5fc64907-e812-4e23-b022-a8d836b6a0f9_gakR9Ewh_N,۱ از ۵,۱۴۰۵,۳
220متر نوساز کلید نخورده فول مشاعات اجودانیه,125000000000,220.0,آجودانیه,https://divar.ir/v/220%D9%85%D8%AA%D8%B1-%D9%86%D9%88%D8%B3%D8%A7%D8%B2-%DA%A9%D9%84%DB%8C%D8%AF-%D9%86%D8%AE%D9%88%D8%B1%D8%AF%D9%87-%D9%81%D9%88%D9%84-%D9%85%D8%B4%D8%A7%D8%B9%D8%A7%D8%AA-%D8%A7%D8%AC%D9%88%D8%AF%D8%A7%D9%86%DB%8C%D9%87/gakh3-9D?tracker_session_id=5fc64907-e812-4e23-b022-a8d836b6a0f9_gakh3-9D_N,۴,۱۴۰۵,۳
آجودانیه برج ۲۰۰ متر ویو ابدی,83000000000,200.0,آجودانیه,https://divar.ir/v/%D8%A2%D8%AC%D9%88%D8%AF%D8%A7%D9%86%DB%8C%D9%87-%D8%A8%D8%B1%D8%AC-%DB%B2%DB%B0%DB%B0-%D9%85%D8%AA%D8%B1-%D9%88%DB%8C%D9%88-%D8%A7%D8%A8%D8%AF%DB%8C/gakRKM_D?tracker_session_id=5fc64907-e812-4e23-b022-a8d836b6a0f9_gakRKM_D_N,۶,۱۳۸۷,۳
133متر آجودانیه سه خواب,45000000000,133.0,آجودانیه,https://divar.ir/v/133%D9%85%D8%AA%D8%B1-%D8%A2%D8%AC%D9%88%D8%AF%D8%A7%D9%86%DB%8C%D9%87-%D8%B3%D9%87-%D8%AE%D9%88%D8%A7%D8%A8/gac9sb5Q?tracker_session_id=5fc64907-e812-4e23-b022-a8d836b6a0f9_gac9sb5Q_N,۱ از ۵,۱۳۹۳,۳
فروش فوری آجودانیه ۲۳۰ متری نوساز فول مشاعات,165000000000,230.0,آجودانیه,https://divar.ir/v/%D9%81%D8%B1%D9%88%D8%B4-%D9%81%D9%88%D8%B1%DB%8C-%D8%A2%D8%AC%D9%88%D8%AF%D8%A7%D9%86%DB%8C%D9%87-%DB%B2%DB%B3%DB%B0-%D9%85%D8%AA%D8%B1%DB%8C-%D9%86%D9%88%D8%B3%D8%A7%D8%B2-%D9%81%D9%88%D9%84-%D9%85%D8%B4%D8%A7%D8%B9%D8%A7%D8%AA/gakpnRQC?tracker_session_id=5fc64907-e812-4e23-b022-a8d836b6a0f9_gakpnRQC_N,۵,۱۴۰۴,۳
۲۲۰م۳ خواب/مدرن/شخصی ساز/زیر قیمت منطقه/آجودانیه,115000000000,220.0,آجودانیه,https://divar.ir/v/%DB%B2%DB%B2%DB%B0%D9%85%DB%B3-%D8%AE%D9%88%D8%A7%D8%A8-%D9%85%D8%AF%D8%B1%D9%86-%D8%B4%D8%AE%D8%B5%DB%8C-%D8%B3%D8%A7%D8%B2-%D8%B2%DB%8C%D8%B1-%D9%82%DB%8C%D9%85%D8%AA-%D9%85%D9%86%D8%B7%D9%82%D9%87-%D8%A2%D8%AC%D9%88%D8%AF%D8%A7%D9%86%DB%8C%D9%87/gakhGHje?tracker_session_id=5fc64907-e812-4e23-b022-a8d836b6a0f9_gakhGHje_N,۵,۱۴۰۴,۳
فروش واحد ۱۹۰ متری نوساز کلید نخورده در آجودانیه,156000000000,190.0,آجودانیه,https://divar.ir/v/%D9%81%D8%B1%D9%88%D8%B4-%D9%88%D8%A7%D8%AD%D8%AF-%DB%B1%DB%B9%DB%B0-%D9%85%D8%AA%D8%B1%DB%8C-%D9%86%D9%88%D8%B3%D8%A7%D8%B2-%DA%A9%D9%84%DB%8C%D8%AF-%D9%86%D8%AE%D9%88%D8%B1%D8%AF%D9%87-%D8%AF%D8%B1-%D8%A2%D8%AC%D9%88%D8%AF%D8%A7%D9%86%DB%8C%D9%87/gaSFwn8w?tracker_session_id=5fc64907-e812-4e23-b022-a8d836b6a0f9_gaSFwn8w_N,۱ از ۵,۱۴۰۵,۳
آجودانیه ۱۸۹ متر ۳ خوابه فول مشاعات,110000000000,189.0,آجودانیه,https://divar.ir/v/%D8%A2%D8%AC%D9%88%D8%AF%D8%A7%D9%86%DB%8C%D9%87-%DB%B1%DB%B8%DB%B9-%D9%85%D8%AA%D8%B1-%DB%B3-%D8%AE%D9%88%D8%A7%D8%A8%D9%87-%D9%81%D9%88%D9%84-%D9%85%D8%B4%D8%A7%D8%B9%D8%A7%D8%AA/gaeVi8cp?tracker_session_id=5fc64907-e812-4e23-b022-a8d836b6a0f9_gaeVi8cp_N,۴,۱۳۹۷,۳
آجودانیه ۱۶۰ متر ۳ خواب با چشم انداز مشجر,87000000000,160.0,آجودانیه,https://divar.ir/v/%D8%A2%D8%AC%D9%88%D8%AF%D8%A7%D9%86%DB%8C%D9%87-%DB%B1%DB%B6%DB%B0-%D9%85%D8%AA%D8%B1-%DB%B3-%D8%AE%D9%88%D8%A7%D8%A8-%D8%A8%D8%A7-%DA%86%D8%B4%D9%85-%D8%A7%D9%86%D8%AF%D8%A7%D8%B2-%D9%85%D8%B4%D8%AC%D8%B1/gajBCMsw?tracker_session_id=5fc64907-e812-4e23-b022-a8d836b6a0f9_gajBCMsw_N,۵ از ۵,۱۴۰۴,۳
۲۴۰متر ۴ خوابه آجودانیه,100000000000,240.0,آجودانیه,https://divar.ir/v/%DB%B2%DB%B4%DB%B0%D9%85%D8%AA%D8%B1-%DB%B4-%D8%AE%D9%88%D8%A7%D8%A8%D9%87-%D8%A2%D8%AC%D9%88%D8%AF%D8%A7%D9%86%DB%8C%D9%87/gadZMw8e?tracker_session_id=5fc64907-e812-4e23-b022-a8d836b6a0f9_gadZMw8e_N,۳,۱۳۸۵,۴
۶۰ متر /آجودانیه/پارکینگ و انباری,27000000000,60.0,آجودانیه,https://divar.ir/v/%DB%B6%DB%B0-%D9%85%D8%AA%D8%B1-%D8%A2%D8%AC%D9%88%D8%AF%D8%A7%D9%86%DB%8C%D9%87-%D9%BE%D8%A7%D8%B1%DA%A9%DB%8C%D9%86%DA%AF-%D9%88-%D8%A7%D9%86%D8%A8%D8%A7%D8%B1%DB%8C/gacRMzOe?tracker_session_id=5fc64907-e812-4e23-b022-a8d836b6a0f9_gacRMzOe_N,,,
۱۲۸متر/آجودانیه/ویو بهشت,67200000000,128.0,آجودانیه,https://divar.ir/v/%DB%B1%DB%B2%DB%B8%D9%85%D8%AA%D8%B1-%D8%A2%D8%AC%D9%88%D8%AF%D8%A7%D9%86%DB%8C%D9%87-%D9%88%DB%8C%D9%88-%D8%A8%D9%87%D8%B4%D8%AA/gagNHARy?tracker_session_id=5fc64907-e812-4e23-b022-a8d836b6a0f9_gagNHARy_N,,,
۳۵۰ متر آجودانیه بهترین فرعی لوکس,315000000000,350.0,آجودانیه,https://divar.ir/v/%DB%B3%DB%B5%DB%B0-%D9%85%D8%AA%D8%B1-%D8%A2%D8%AC%D9%88%D8%AF%D8%A7%D9%86%DB%8C%D9%87-%D8%A8%D9%87%D8%AA%D8%B1%DB%8C%D9%86-%D9%81%D8%B1%D8%B9%DB%8C-%D9%84%D9%88%DA%A9%D8%B3/gag1m-Lc?tracker_session_id=5fc64907-e812-4e23-b022-a8d836b6a0f9_gag1m-Lc_N,۴,۱۴۰۵,۴
آجودانیه ۱۱۲متر آپارتمان ۸۰متر قدرالسهم,58000000000,112.0,آجودانیه,https://divar.ir/v/%D8%A2%D8%AC%D9%88%D8%AF%D8%A7%D9%86%DB%8C%D9%87-%DB%B1%DB%B1%DB%B2%D9%85%D8%AA%D8%B1-%D8%A2%D9%BE%D8%A7%D8%B1%D8%AA%D9%85%D8%A7%D9%86-%DB%B8%DB%B0%D9%85%D8%AA%D8%B1-%D9%82%D8%AF%D8%B1%D8%A7%D9%84%D8%B3%D9%87%D9%85/ga4ggz0s?tracker_session_id=5fc64907-e812-4e23-b022-a8d836b6a0f9_ga4ggz0s_N,۱,۱۳۷۱,۲
۱۷۰متر۳خواب ، فول مشاعات ابی فعال ،اجودانیه,80000000000,170.0,آجودانیه,https://divar.ir/v/%DB%B1%DB%B7%DB%B0%D9%85%D8%AA%D8%B1%DB%B3%D8%AE%D9%88%D8%A7%D8%A8-%D9%81%D9%88%D9%84-%D9%85%D8%B4%D8%A7%D8%B9%D8%A7%D8%AA-%D8%A7%D8%A8%DB%8C-%D9%81%D8%B9%D8%A7%D9%84-%D8%A7%D8%AC%D9%88%D8%AF%D8%A7%D9%86%DB%8C%D9%87/gafdjLf4?tracker_session_id=5fc64907-e812-4e23-b022-a8d836b6a0f9_gafdjLf4_N,۴ از ۵,۱۳۹۰,۳
اجودانیه ۱۲۰ متری نوساز,65000000000,120.0,آجودانیه,https://divar.ir/v/%D8%A7%D8%AC%D9%88%D8%AF%D8%A7%D9%86%DB%8C%D9%87-%DB%B1%DB%B2%DB%B0-%D9%85%D8%AA%D8%B1%DB%8C-%D9%86%D9%88%D8%B3%D8%A7%D8%B2/gafRjUZD?tracker_session_id=5fc64907-e812-4e23-b022-a8d836b6a0f9_gafRjUZD_N,۳,۱۴۰۵,۲
آپارتمان ۱۸۰ متر، ۲۰۰ متر حیاط اختصاصی، آجودانیه,62000000000,180.0,آجودانیه,https://divar.ir/v/%D8%A2%D9%BE%D8%A7%D8%B1%D8%AA%D9%85%D8%A7%D9%86-%DB%B1%DB%B8%DB%B0-%D9%85%D8%AA%D8%B1-%DB%B2%DB%B0%DB%B0-%D9%85%D8%AA%D8%B1-%D8%AD%DB%8C%D8%A7%D8%B7-%D8%A7%D8%AE%D8%AA%D8%B5%D8%A7%D8%B5%DB%8C-%D8%A2%D8%AC%D9%88%D8%AF%D8%A7%D9%86%DB%8C%D9%87/gaWFEbLa?tracker_session_id=5fc64907-e812-4e23-b022-a8d836b6a0f9_gaWFEbLa_N,,,
فروش آپارتمان ۱۲۰ متری قلب آجودانیه,53000000000,120.0,آجودانیه,https://divar.ir/v/%D9%81%D8%B1%D9%88%D8%B4-%D8%A2%D9%BE%D8%A7%D8%B1%D8%AA%D9%85%D8%A7%D9%86-%DB%B1%DB%B2%DB%B0-%D9%85%D8%AA%D8%B1%DB%8C-%D9%82%D9%84%D8%A8-%D8%A2%D8%AC%D9%88%D8%AF%D8%A7%D9%86%DB%8C%D9%87/gafdCAkf?tracker_session_id=5fc64907-e812-4e23-b022-a8d836b6a0f9_gafdCAkf_N,۱ از ۵,۱۳۹۰,۲
۱۲۰ متر اقدسیه .اجودانیه.خوش نقشه,69000000000,120.0,آجودانیه,https://divar.ir/v/%DB%B1%DB%B2%DB%B0-%D9%85%D8%AA%D8%B1-%D8%A7%D9%82%D8%AF%D8%B3%DB%8C%D9%87-%D8%A7%D8%AC%D9%88%D8%AF%D8%A7%D9%86%DB%8C%D9%87-%D8%AE%D9%88%D8%B4-%D9%86%D9%82%D8%B4%D9%87/gab1aTVb?tracker_session_id=5fc64907-e812-4e23-b022-a8d836b6a0f9_gab1aTVb_N,۳ از ۶,۱۴۰۵,۲
آجودانیه ۱۲۲ متر سازه ای مدرن /ویو دار,62000000000,122.0,آجودانیه,https://divar.ir/v/%D8%A2%D8%AC%D9%88%D8%AF%D8%A7%D9%86%DB%8C%D9%87-%DB%B1%DB%B2%DB%B2-%D9%85%D8%AA%D8%B1-%D8%B3%D8%A7%D8%B2%D9%87-%D8%A7%DB%8C-%D9%85%D8%AF%D8%B1%D9%86-%D9%88%DB%8C%D9%88-%D8%AF%D8%A7%D8%B1/gab95dC-?tracker_session_id=5fc64907-e812-4e23-b022-a8d836b6a0f9_gab95dC-_N,۴ از ۷,۱۴۰۵,۲
آجودانیه 120 متر مدرن ویو ابدی,69750000000,120.0,آجودانیه,https://divar.ir/v/%D8%A2%D8%AC%D9%88%D8%AF%D8%A7%D9%86%DB%8C%D9%87-120-%D9%85%D8%AA%D8%B1-%D9%85%D8%AF%D8%B1%D9%86-%D9%88%DB%8C%D9%88-%D8%A7%D8%A8%D8%AF%DB%8C/gabx5Ylc?tracker_session_id=5fc64907-e812-4e23-b022-a8d836b6a0f9_gabx5Ylc_N,۳ از ۵,۱۴۰۵,۲
۱۹۵ متر خوش نقشه/ ۴ خواب/ ۲پارکینگ سندی,90000000000,195.0,آجودانیه,https://divar.ir/v/%DB%B1%DB%B9%DB%B5-%D9%85%D8%AA%D8%B1-%D8%AE%D9%88%D8%B4-%D9%86%D9%82%D8%B4%D9%87-%DB%B4-%D8%AE%D9%88%D8%A7%D8%A8-%DB%B2%D9%BE%D8%A7%D8%B1%DA%A9%DB%8C%D9%86%DA%AF-%D8%B3%D9%86%D8%AF%DB%8C/gabNXOXI?tracker_session_id=5fc64907-e812-4e23-b022-a8d836b6a0f9_gabNXOXI_N,۱,۱۳۹۳,۴
۱۷۵ متری نوساز سپند,117000000000,175.0,آجودانیه,https://divar.ir/v/%DB%B1%DB%B7%DB%B5-%D9%85%D8%AA%D8%B1%DB%8C-%D9%86%D9%88%D8%B3%D8%A7%D8%B2-%D8%B3%D9%BE%D9%86%D8%AF/gabBW7ni?tracker_session_id=5fc64907-e812-4e23-b022-a8d836b6a0f9_gabBW7ni_N,۳ از ۵,۱۴۰۵,۳
فروش آپارتمان ۱۲۰ متری ۲ خوابه در آجودانیه,67000000000,120.0,آجودانیه,https://divar.ir/v/%D9%81%D8%B1%D9%88%D8%B4-%D8%A2%D9%BE%D8%A7%D8%B1%D8%AA%D9%85%D8%A7%D9%86-%DB%B1%DB%B2%DB%B0-%D9%85%D8%AA%D8%B1%DB%8C-%DB%B2-%D8%AE%D9%88%D8%A7%D8%A8%D9%87-%D8%AF%D8%B1-%D8%A2%D8%AC%D9%88%D8%AF%D8%A7%D9%86%DB%8C%D9%87/gabllcR9?tracker_session_id=5fc64907-e812-4e23-b022-a8d836b6a0f9_gabllcR9_N,۲,۱۴۰۵,۲
۱۹۰متر آجودانیه فول امکانات طبقه بالا,105000000000,190.0,آجودانیه,https://divar.ir/v/%DB%B1%DB%B9%DB%B0%D9%85%D8%AA%D8%B1-%D8%A2%D8%AC%D9%88%D8%AF%D8%A7%D9%86%DB%8C%D9%87-%D9%81%D9%88%D9%84-%D8%A7%D9%85%DA%A9%D8%A7%D9%86%D8%A7%D8%AA-%D8%B7%D8%A8%D9%82%D9%87-%D8%A8%D8%A7%D9%84%D8%A7/gabZkpgL?tracker_session_id=5fc64907-e812-4e23-b022-a8d836b6a0f9_gabZkpgL_N,بالاتر از ۳۰,۱۴۰۰,۳
آجودانیه ۱۸۵ متر فول به قیمت رسیده,110000000000,185.0,آجودانیه,https://divar.ir/v/%D8%A2%D8%AC%D9%88%D8%AF%D8%A7%D9%86%DB%8C%D9%87-%DB%B1%DB%B8%DB%B5-%D9%85%D8%AA%D8%B1-%D9%81%D9%88%D9%84-%D8%A8%D9%87-%D9%82%DB%8C%D9%85%D8%AA-%D8%B1%D8%B3%DB%8C%D8%AF%D9%87/gaYpIM6q?tracker_session_id=5fc64907-e812-4e23-b022-a8d836b6a0f9_gaYpIM6q_N,,,
۳۰۵ متر اقدسیه ۴ خواب کلید نخورده فول با ۳ پارکینگ,180000000000,305.0,آجودانیه,https://divar.ir/v/%DB%B3%DB%B0%DB%B5-%D9%85%D8%AA%D8%B1-%D8%A7%D9%82%D8%AF%D8%B3%DB%8C%D9%87-%DB%B4-%D8%AE%D9%88%D8%A7%D8%A8-%DA%A9%D9%84%DB%8C%D8%AF-%D9%86%D8%AE%D9%88%D8%B1%D8%AF%D9%87-%D9%81%D9%88%D9%84-%D8%A8%D8%A7-%DB%B3-%D9%BE%D8%A7%D8%B1%DA%A9%DB%8C%D9%86%DA%AF/gabFDLZP?tracker_session_id=5fc64907-e812-4e23-b022-a8d836b6a0f9_gabFDLZP_N,۵,۱۴۰۵,۴
95 متر بهترین لوکیشن در اجودانیه,54000000000,95.0,آجودانیه,https://divar.ir/v/95-%D9%85%D8%AA%D8%B1-%D8%A8%D9%87%D8%AA%D8%B1%DB%8C%D9%86-%D9%84%D9%88%DA%A9%DB%8C%D8%B4%D9%86-%D8%AF%D8%B1-%D8%A7%D8%AC%D9%88%D8%AF%D8%A7%D9%86%DB%8C%D9%87/gab9Sbam?tracker_session_id=5fc64907-e812-4e23-b022-a8d836b6a0f9_gab9Sbam_N,۱,۱۳۹۸,۲
۱۶۰ متر تک‌واحدی اجودانیه معاوضه تا ۴۵ میلیارد,95000000000,160.0,آجودانیه,https://divar.ir/v/%DB%B1%DB%B6%DB%B0-%D9%85%D8%AA%D8%B1-%D8%AA%DA%A9-%D9%88%D8%A7%D8%AD%D8%AF%DB%8C-%D8%A7%D8%AC%D9%88%D8%AF%D8%A7%D9%86%DB%8C%D9%87-%D9%85%D8%B9%D8%A7%D9%88%D8%B6%D9%87-%D8%AA%D8%A7-%DB%B4%DB%B5-%D9%85%DB%8C%D9%84%DB%8C%D8%A7%D8%B1%D8%AF/gaQZdGJp?tracker_session_id=5fc64907-e812-4e23-b022-a8d836b6a0f9_gaQZdGJp_N,,,
84 متر آجودانیه ۲خ ویو ابدی,44000000000,84.0,آجودانیه,https://divar.ir/v/84-%D9%85%D8%AA%D8%B1-%D8%A2%D8%AC%D9%88%D8%AF%D8%A7%D9%86%DB%8C%D9%87-%DB%B2%D8%AE-%D9%88%DB%8C%D9%88-%D8%A7%D8%A8%D8%AF%DB%8C/gaYRtnWo?tracker_session_id=5fc64907-e812-4e23-b022-a8d836b6a0f9_gaYRtnWo_N,۲ از ۵,۱۴۰۵,۲
آپارتمان ۲۵۰ متری آجودانیه,120000000000,250.0,آجودانیه,https://divar.ir/v/%D8%A2%D9%BE%D8%A7%D8%B1%D8%AA%D9%85%D8%A7%D9%86-%DB%B2%DB%B5%DB%B0-%D9%85%D8%AA%D8%B1%DB%8C-%D8%A2%D8%AC%D9%88%D8%AF%D8%A7%D9%86%DB%8C%D9%87/gaX9D7Zn?tracker_session_id=5fc64907-e812-4e23-b022-a8d836b6a0f9_gaX9D7Zn_N,,,
فوری تاپ لوکیشن سپند ۱۹۰ متر فول مشاعات ۳ پارکینگ,130000000000,190.0,آجودانیه,https://divar.ir/v/%D9%81%D9%88%D8%B1%DB%8C-%D8%AA%D8%A7%D9%BE-%D9%84%D9%88%DA%A9%DB%8C%D8%B4%D9%86-%D8%B3%D9%BE%D9%86%D8%AF-%DB%B1%DB%B9%DB%B0-%D9%85%D8%AA%D8%B1-%D9%81%D9%88%D9%84-%D9%85%D8%B4%D8%A7%D8%B9%D8%A7%D8%AA-%DB%B3-%D9%BE%D8%A7%D8%B1%DA%A9%DB%8C%D9%86%DA%AF/gaXNSupX?tracker_session_id=5fc64907-e812-4e23-b022-a8d836b6a0f9_gaXNSupX_N,,,
194متر تکواحدی شمال اجودانیه,80000000000,194.0,آجودانیه,https://divar.ir/v/194%D9%85%D8%AA%D8%B1-%D8%AA%DA%A9%D9%88%D8%A7%D8%AD%D8%AF%DB%8C-%D8%B4%D9%85%D8%A7%D9%84-%D8%A7%D8%AC%D9%88%D8%AF%D8%A7%D9%86%DB%8C%D9%87/gaWpSDAp?tracker_session_id=5fc64907-e812-4e23-b022-a8d836b6a0f9_gaWpSDAp_N,,,
آجودانیه/۲۲۰ متر/ ۳ خواب/طبقه آخر,137000000000,220.0,آجودانیه,https://divar.ir/v/%D8%A2%D8%AC%D9%88%D8%AF%D8%A7%D9%86%DB%8C%D9%87-%DB%B2%DB%B2%DB%B0-%D9%85%D8%AA%D8%B1-%DB%B3-%D8%AE%D9%88%D8%A7%D8%A8-%D8%B7%D8%A8%D9%82%D9%87-%D8%A2%D8%AE%D8%B1/gahp_lf8?tracker_session_id=5fc64907-e812-4e23-b022-a8d836b6a0f9_gahp_lf8_N,,,
آجودانیه ۶۳ متر ۱ خواب ۴۲ متر قدرالسهم,25500000000,63.0,آجودانیه,https://divar.ir/v/%D8%A2%D8%AC%D9%88%D8%AF%D8%A7%D9%86%DB%8C%D9%87-%DB%B6%DB%B3-%D9%85%D8%AA%D8%B1-%DB%B1-%D8%AE%D9%88%D8%A7%D8%A8-%DB%B4%DB%B2-%D9%85%D8%AA%D8%B1-%D9%82%D8%AF%D8%B1%D8%A7%D9%84%D8%B3%D9%87%D9%85/gaVt-ThI?tracker_session_id=5fc64907-e812-4e23-b022-a8d836b6a0f9_gaVt-ThI_N,,,
آجودانیه ۱۸۷ متر ۳ خواب,110000000000,187.0,آجودانیه,https://divar.ir/v/%D8%A2%D8%AC%D9%88%D8%AF%D8%A7%D9%86%DB%8C%D9%87-%DB%B1%DB%B8%DB%B7-%D9%85%D8%AA%D8%B1-%DB%B3-%D8%AE%D9%88%D8%A7%D8%A8/gaU14lFV?tracker_session_id=5fc64907-e812-4e23-b022-a8d836b6a0f9_gaU14lFV_N,,,
۸۵ متر ۲ خواب با ویو بدون مشرف «آجودانیه»,45500000000,85.0,آجودانیه,https://divar.ir/v/%DB%B8%DB%B5-%D9%85%D8%AA%D8%B1-%DB%B2-%D8%AE%D9%88%D8%A7%D8%A8-%D8%A8%D8%A7-%D9%88%DB%8C%D9%88-%D8%A8%D8%AF%D9%88%D9%86-%D9%85%D8%B4%D8%B1%D9%81-%D8%A2%D8%AC%D9%88%D8%AF%D8%A7%D9%86%DB%8C%D9%87/gaUBaD61?tracker_session_id=5fc64907-e812-4e23-b022-a8d836b6a0f9_gaUBaD61_N,,,
آجودانیه ۱۵۵ متر /نوساز تکواحد/ استخر/ ۳ پارکینگ,74000000000,155.0,آجودانیه,https://divar.ir/v/%D8%A2%D8%AC%D9%88%D8%AF%D8%A7%D9%86%DB%8C%D9%87-%DB%B1%DB%B5%DB%B5-%D9%85%D8%AA%D8%B1-%D9%86%D9%88%D8%B3%D8%A7%D8%B2-%D8%AA%DA%A9%D9%88%D8%A7%D8%AD%D8%AF-%D8%A7%D8%B3%D8%AA%D8%AE%D8%B1-%DB%B3-%D9%BE%D8%A7%D8%B1%DA%A9%DB%8C%D9%86%DA%AF/gaVxNtXv?tracker_session_id=5fc64907-e812-4e23-b022-a8d836b6a0f9_gaVxNtXv_N,,,
آجودانیه کوهپایه ۱۰۳ متر سازه ای مدرن/ویو ابوی,55000000000,103.0,آجودانیه,https://divar.ir/v/%D8%A2%D8%AC%D9%88%D8%AF%D8%A7%D9%86%DB%8C%D9%87-%DA%A9%D9%88%D9%87%D9%BE%D8%A7%DB%8C%D9%87-%DB%B1%DB%B0%DB%B3-%D9%85%D8%AA%D8%B1-%D8%B3%D8%A7%D8%B2%D9%87-%D8%A7%DB%8C-%D9%85%D8%AF%D8%B1%D9%86-%D9%88%DB%8C%D9%88-%D8%A7%D8%A8%D9%88%DB%8C/gaVRRtZZ?tracker_session_id=5fc64907-e812-4e23-b022-a8d836b6a0f9_gaVRRtZZ_N,,,
۲۵۰ متر ۳ خواب مستر/نوساز/سوپر لوکس در آجودانیه,200000000000,250.0,آجودانیه,https://divar.ir/v/%DB%B2%DB%B5%DB%B0-%D9%85%D8%AA%D8%B1-%DB%B3-%D8%AE%D9%88%D8%A7%D8%A8-%D9%85%D8%B3%D8%AA%D8%B1-%D9%86%D9%88%D8%B3%D8%A7%D8%B2-%D8%B3%D9%88%D9%BE%D8%B1-%D9%84%D9%88%DA%A9%D8%B3-%D8%AF%D8%B1-%D8%A2%D8%AC%D9%88%D8%AF%D8%A7%D9%86%DB%8C%D9%87/gaUx8tJW?tracker_session_id=5fc64907-e812-4e23-b022-a8d836b6a0f9_gaUx8tJW_N,,,
120متر 2خواب آجودانیه/ ویو ابدی / واحد جزیره,69700000000,120.0,آجودانیه,https://divar.ir/v/120%D9%85%D8%AA%D8%B1-2%D8%AE%D9%88%D8%A7%D8%A8-%D8%A2%D8%AC%D9%88%D8%AF%D8%A7%D9%86%DB%8C%D9%87-%D9%88%DB%8C%D9%88-%D8%A7%D8%A8%D8%AF%DB%8C-%D9%88%D8%A7%D8%AD%D8%AF-%D8%AC%D8%B2%DB%8C%D8%B1%D9%87/gaUZK8DN?tracker_session_id=5fc64907-e812-4e23-b022-a8d836b6a0f9_gaUZK8DN_N,,,
150متر 3خواب مستر آجودانیه/ 2پارکینگ /نوساز فول,127000000000,150.0,آجودانیه,https://divar.ir/v/150%D9%85%D8%AA%D8%B1-3%D8%AE%D9%88%D8%A7%D8%A8-%D9%85%D8%B3%D8%AA%D8%B1-%D8%A2%D8%AC%D9%88%D8%AF%D8%A7%D9%86%DB%8C%D9%87-2%D9%BE%D8%A7%D8%B1%DA%A9%DB%8C%D9%86%DA%AF-%D9%86%D9%88%D8%B3%D8%A7%D8%B2-%D9%81%D9%88%D9%84/gaTZkprl?tracker_session_id=5fc64907-e812-4e23-b022-a8d836b6a0f9_gaTZkprl_N,,,
آجودانیه/۱۲۰ متر/ ۲ خواب/ساختمان مدرن نوساز,69000000000,120.0,آجودانیه,https://divar.ir/v/%D8%A2%D8%AC%D9%88%D8%AF%D8%A7%D9%86%DB%8C%D9%87-%DB%B1%DB%B2%DB%B0-%D9%85%D8%AA%D8%B1-%DB%B2-%D8%AE%D9%88%D8%A7%D8%A8-%D8%B3%D8%A7%D8%AE%D8%AA%D9%85%D8%A7%D9%86-%D9%85%D8%AF%D8%B1%D9%86-%D9%86%D9%88%D8%B3%D8%A7%D8%B2/gahpvln-?tracker_session_id=5fc64907-e812-4e23-b022-a8d836b6a0f9_gahpvln-_N,,,
آجودانیه۱۸۰متر بی نظیر,95000000000,180.0,آجودانیه,https://divar.ir/v/%D8%A2%D8%AC%D9%88%D8%AF%D8%A7%D9%86%DB%8C%D9%87%DB%B1%DB%B8%DB%B0%D9%85%D8%AA%D8%B1-%D8%A8%DB%8C-%D9%86%D8%B8%DB%8C%D8%B1/gaTF5mFO?tracker_session_id=5fc64907-e812-4e23-b022-a8d836b6a0f9_gaTF5mFO_N,,,
آجودانیه ۱۷۵متر /فول مشاعات/۱۵مترتراس قابل چیدمان,95000000000,175.0,آجودانیه,https://divar.ir/v/%D8%A2%D8%AC%D9%88%D8%AF%D8%A7%D9%86%DB%8C%D9%87-%DB%B1%DB%B7%DB%B5%D9%85%D8%AA%D8%B1-%D9%81%D9%88%D9%84-%D9%85%D8%B4%D8%A7%D8%B9%D8%A7%D8%AA-%DB%B1%DB%B5%D9%85%D8%AA%D8%B1%D8%AA%D8%B1%D8%A7%D8%B3-%D9%82%D8%A7%D8%A8%D9%84-%DA%86%DB%8C%D8%AF%D9%85%D8%A7%D9%86/gaTpSrCD?tracker_session_id=5fc64907-e812-4e23-b022-a8d836b6a0f9_gaTpSrCD_N,,,
آجودانیه برج باغ۲۵۰متر/ نوساز ( تـوضـیـحات مهـم ),140000000000,250.0,آجودانیه,https://divar.ir/v/%D8%A2%D8%AC%D9%88%D8%AF%D8%A7%D9%86%DB%8C%D9%87-%D8%A8%D8%B1%D8%AC-%D8%A8%D8%A7%D8%BA%DB%B2%DB%B5%DB%B0%D9%85%D8%AA%D8%B1-%D9%86%D9%88%D8%B3%D8%A7%D8%B2-%D8%AA%D9%80%D9%88%D8%B6%D9%80%DB%8C%D9%80%D8%AD%D8%A7%D8%AA-%D9%85%D9%87%D9%80%D9%85/gaTZm37A?tracker_session_id=5fc64907-e812-4e23-b022-a8d836b6a0f9_gaTZm37A_N,,,
اجودانیه ۱۷۴متر فول مشاعات با ویو ابدی۷۶میلیارد,76000000000,174.0,آجودانیه,https://divar.ir/v/%D8%A7%D8%AC%D9%88%D8%AF%D8%A7%D9%86%DB%8C%D9%87-%DB%B1%DB%B7%DB%B4%D9%85%D8%AA%D8%B1-%D9%81%D9%88%D9%84-%D9%85%D8%B4%D8%A7%D8%B9%D8%A7%D8%AA-%D8%A8%D8%A7-%D9%88%DB%8C%D9%88-%D8%A7%D8%A8%D8%AF%DB%8C%DB%B7%DB%B6%D9%85%DB%8C%D9%84%DB%8C%D8%A7%D8%B1%D8%AF/gaTllP4z?tracker_session_id=5fc64907-e812-4e23-b022-a8d836b6a0f9_gaTllP4z_N,,,
۳۵۰ متر فول مشاعات آجودانیه,210000000000,350.0,آجودانیه,https://divar.ir/v/%DB%B3%DB%B5%DB%B0-%D9%85%D8%AA%D8%B1-%D9%81%D9%88%D9%84-%D9%85%D8%B4%D8%A7%D8%B9%D8%A7%D8%AA-%D8%A2%D8%AC%D9%88%D8%AF%D8%A7%D9%86%DB%8C%D9%87/gaqQGvHj?tracker_session_id=5fc64907-e812-4e23-b022-a8d836b6a0f9_gaqQGvHj_N,,,
130متر دوخوابه آجودانیه فول مشاعات فعال مشاعات,57600000000,130.0,آجودانیه,https://divar.ir/v/130%D9%85%D8%AA%D8%B1-%D8%AF%D9%88%D8%AE%D9%88%D8%A7%D8%A8%D9%87-%D8%A2%D8%AC%D9%88%D8%AF%D8%A7%D9%86%DB%8C%D9%87-%D9%81%D9%88%D9%84-%D9%85%D8%B4%D8%A7%D8%B9%D8%A7%D8%AA-%D9%81%D8%B9%D8%A7%D9%84-%D9%85%D8%B4%D8%A7%D8%B9%D8%A7%D8%AA/gaS9C-x_?tracker_session_id=5fc64907-e812-4e23-b022-a8d836b6a0f9_gaS9C-x__N,,,
۲۲۵متر/آجودانیه/ویو بهشت,131000000000,225.0,آجودانیه,https://divar.ir/v/%DB%B2%DB%B2%DB%B5%D9%85%D8%AA%D8%B1-%D8%A2%D8%AC%D9%88%D8%AF%D8%A7%D9%86%DB%8C%D9%87-%D9%88%DB%8C%D9%88-%D8%A8%D9%87%D8%B4%D8%AA/gaSVwFvF?tracker_session_id=5fc64907-e812-4e23-b022-a8d836b6a0f9_gaSVwFvF_N,,,
آپارتمان ۱۹۰ متری تک واحدی فول مشاعات آجودانیه,148000000000,190.0,آجودانیه,https://divar.ir/v/%D8%A2%D9%BE%D8%A7%D8%B1%D8%AA%D9%85%D8%A7%D9%86-%DB%B1%DB%B9%DB%B0-%D9%85%D8%AA%D8%B1%DB%8C-%D8%AA%DA%A9-%D9%88%D8%A7%D8%AD%D8%AF%DB%8C-%D9%81%D9%88%D9%84-%D9%85%D8%B4%D8%A7%D8%B9%D8%A7%D8%AA-%D8%A2%D8%AC%D9%88%D8%AF%D8%A7%D9%86%DB%8C%D9%87/gaS5Rwnp?tracker_session_id=5fc64907-e812-4e23-b022-a8d836b6a0f9_gaS5Rwnp_N,,,
۹۰ متر فول مشاعات،آجودانیه,54000000000,90.0,آجودانیه,https://divar.ir/v/%DB%B9%DB%B0-%D9%85%D8%AA%D8%B1-%D9%81%D9%88%D9%84-%D9%85%D8%B4%D8%A7%D8%B9%D8%A7%D8%AA-%D8%A2%D8%AC%D9%88%D8%AF%D8%A7%D9%86%DB%8C%D9%87/gaRJfCYM?tracker_session_id=5fc64907-e812-4e23-b022-a8d836b6a0f9_gaRJfCYM_N,,,
آجودانیه ۱۶۳ متر / مشاعات فول / 2P+ لوکیشن ممتاز +,72000000000,163.0,آجودانیه,https://divar.ir/v/%D8%A2%D8%AC%D9%88%D8%AF%D8%A7%D9%86%DB%8C%D9%87-%DB%B1%DB%B6%DB%B3-%D9%85%D8%AA%D8%B1-%D9%85%D8%B4%D8%A7%D8%B9%D8%A7%D8%AA-%D9%81%D9%88%D9%84-2p-%D9%84%D9%88%DA%A9%DB%8C%D8%B4%D9%86-%D9%85%D9%85%D8%AA%D8%A7%D8%B2/gaR5_-Ry?tracker_session_id=5fc64907-e812-4e23-b022-a8d836b6a0f9_gaR5_-Ry_N,,,
۲۵۵متر آجودانیه FULL MODERN تک واحدی ۲۵ متر تراس,200000000000,255.0,آجودانیه,https://divar.ir/v/%DB%B2%DB%B5%DB%B5%D9%85%D8%AA%D8%B1-%D8%A2%D8%AC%D9%88%D8%AF%D8%A7%D9%86%DB%8C%D9%87-full-modern-%D8%AA%DA%A9-%D9%88%D8%A7%D8%AD%D8%AF%DB%8C-%DB%B2%DB%B5-%D9%85%D8%AA%D8%B1-%D8%AA%D8%B1%D8%A7%D8%B3/gaRVOIn1?tracker_session_id=5fc64907-e812-4e23-b022-a8d836b6a0f9_gaRVOIn1_N,,,
پنت‌فاخر‌منطقه،۴۵۰متر،دیدباغ،۱۰پاکینگ،هتلینگ,295000000000,450.0,فرمانیه,https://divar.ir/v/%D9%BE%D9%86%D8%AA-%D9%81%D8%A7%D8%AE%D8%B1-%D9%85%D9%86%D8%B7%D9%82%D9%87-%DB%B4%DB%B5%DB%B0%D9%85%D8%AA%D8%B1-%D8%AF%DB%8C%D8%AF%D8%A8%D8%A7%D8%BA-%DB%B1%DB%B0%D9%BE%D8%A7%DA%A9%DB%8C%D9%86%DA%AF-%D9%87%D8%AA%D9%84%DB%8C%D9%86%DA%AF/ga3ZgdHg?tracker_session_id=5fc64907-e812-4e23-b022-a8d836b6a0f9_ga3ZgdHg_N,۷ از ۸,۱۴۰۴,۴
۱۵۰ متر اقدسیه سپند ۳ خواب تکواحدی + تراس و ویو,58000000000,150.0,کاشانک,https://divar.ir/v/%DB%B1%DB%B5%DB%B0-%D9%85%D8%AA%D8%B1-%D8%A7%D9%82%D8%AF%D8%B3%DB%8C%D9%87-%D8%B3%D9%BE%D9%86%D8%AF-%DB%B3-%D8%AE%D9%88%D8%A7%D8%A8-%D8%AA%DA%A9%D9%88%D8%A7%D8%AD%D8%AF%DB%8C-%D8%AA%D8%B1%D8%A7%D8%B3-%D9%88-%D9%88%DB%8C%D9%88/gaYV90WK?tracker_session_id=5fc64907-e812-4e23-b022-a8d836b6a0f9_gaYV90WK_N,۲ از ۶,۱۴۰۴,۳
اکازیون اقدسیه ۹۰ متر بهترین خرید,32900000000,90.0,اقدسیه,https://divar.ir/v/%D8%A7%DA%A9%D8%A7%D8%B2%DB%8C%D9%88%D9%86-%D8%A7%D9%82%D8%AF%D8%B3%DB%8C%D9%87-%DB%B9%DB%B0-%D9%85%D8%AA%D8%B1-%D8%A8%D9%87%D8%AA%D8%B1%DB%8C%D9%86-%D8%AE%D8%B1%DB%8C%D8%AF/gahF8dYk?tracker_session_id=5fc64907-e812-4e23-b022-a8d836b6a0f9_gahF8dYk_N,۳,۱۳۹۰,۲
۵طبقه آپارتمان ۱۳۰متری کلید نخورده یکجا فروشی,310000000000,130.0,اقدسیه,https://divar.ir/v/%DB%B5%D8%B7%D8%A8%D9%82%D9%87-%D8%A2%D9%BE%D8%A7%D8%B1%D8%AA%D9%85%D8%A7%D9%86-%DB%B1%DB%B3%DB%B0%D9%85%D8%AA%D8%B1%DB%8C-%DA%A9%D9%84%DB%8C%D8%AF-%D9%86%D8%AE%D9%88%D8%B1%D8%AF%D9%87-%DB%8C%DA%A9%D8%AC%D8%A7-%D9%81%D8%B1%D9%88%D8%B4%DB%8C/gaytPFe3?tracker_session_id=5fc64907-e812-4e23-b022-a8d836b6a0f9_gaytPFe3_N,۵ از ۵,۱۴۰۵,۳
160 متر فرمانیه، زیر قیمت,58000000000,160.0,فرمانیه,https://divar.ir/v/160-%D9%85%D8%AA%D8%B1-%D9%81%D8%B1%D9%85%D8%A7%D9%86%DB%8C%D9%87-%D8%B2%DB%8C%D8%B1-%D9%82%DB%8C%D9%85%D8%AA/gafFUk0H?tracker_session_id=5fc64907-e812-4e23-b022-a8d836b6a0f9_gafFUk0H_N,۴,۱۳۸۸,۳
اقدسیه سپند ۱۴۰ متر ۲ خوابه سوپر لوکس,122000000000,140.0,اقدسیه,https://divar.ir/v/%D8%A7%D9%82%D8%AF%D8%B3%DB%8C%D9%87-%D8%B3%D9%BE%D9%86%D8%AF-%DB%B1%DB%B4%DB%B0-%D9%85%D8%AA%D8%B1-%DB%B2-%D8%AE%D9%88%D8%A7%D8%A8%D9%87-%D8%B3%D9%88%D9%BE%D8%B1-%D9%84%D9%88%DA%A9%D8%B3/ga29PFiN?tracker_session_id=5fc64907-e812-4e23-b022-a8d836b6a0f9_ga29PFiN_N,۳,۱۴۰۰,۲
فرمانیه سنبل ۲۳۰متر / تکواحدی,108000000000,230.0,فرمانیه,https://divar.ir/v/%D9%81%D8%B1%D9%85%D8%A7%D9%86%DB%8C%D9%87-%D8%B3%D9%86%D8%A8%D9%84-%DB%B2%DB%B3%DB%B0%D9%85%D8%AA%D8%B1-%D8%AA%DA%A9%D9%88%D8%A7%D8%AD%D8%AF%DB%8C/gaudFKCD?tracker_session_id=5fc64907-e812-4e23-b022-a8d836b6a0f9_gaudFKCD_N,۵,۱۳۸۵,۳
۱۴۵متر ۳خواب فول امکانات+۲تا تراس,53000000000,145.0,آرارات,https://divar.ir/v/%DB%B1%DB%B4%DB%B5%D9%85%D8%AA%D8%B1-%DB%B3%D8%AE%D9%88%D8%A7%D8%A8-%D9%81%D9%88%D9%84-%D8%A7%D9%85%DA%A9%D8%A7%D9%86%D8%A7%D8%AA-%DB%B2%D8%AA%D8%A7-%D8%AA%D8%B1%D8%A7%D8%B3/gatddu2z?tracker_session_id=081ac4d5-00e6-447d-95d2-e634bbf91777_gatddu2z_N,۳,۱۳۸۳,۳
۲۰۱ م آپارتمان تک واحدی شیک و کم سن شهرک سئول,110000000000,201.0,آرارات,https://divar.ir/v/%DB%B2%DB%B0%DB%B1-%D9%85-%D8%A2%D9%BE%D8%A7%D8%B1%D8%AA%D9%85%D8%A7%D9%86-%D8%AA%DA%A9-%D9%88%D8%A7%D8%AD%D8%AF%DB%8C-%D8%B4%DB%8C%DA%A9-%D9%88-%DA%A9%D9%85-%D8%B3%D9%86-%D8%B4%D9%87%D8%B1%DA%A9-%D8%B3%D8%A6%D9%88%D9%84/gan9VYYz?tracker_session_id=081ac4d5-00e6-447d-95d2-e634bbf91777_gan9VYYz_N,۳ از ۵,۱۴۰۱,۳
آپارتمان۲۰۰ متربُرج برند شهرک سئول,110000000000,200.0,آرارات,https://divar.ir/v/%D8%A2%D9%BE%D8%A7%D8%B1%D8%AA%D9%85%D8%A7%D9%86%DB%B2%DB%B0%DB%B0-%D9%85%D8%AA%D8%B1%D8%A8%D9%8F%D8%B1%D8%AC-%D8%A8%D8%B1%D9%86%D8%AF-%D8%B4%D9%87%D8%B1%DA%A9-%D8%B3%D8%A6%D9%88%D9%84/galZsw9e?tracker_session_id=081ac4d5-00e6-447d-95d2-e634bbf91777_galZsw9e_N,۶ از ۹,۱۴۰۲,۳
120متری/بازسازی شده/مسکونی فجر,35000000000,120.0,آرارات,https://divar.ir/v/120%D9%85%D8%AA%D8%B1%DB%8C-%D8%A8%D8%A7%D8%B2%D8%B3%D8%A7%D8%B2%DB%8C-%D8%B4%D8%AF%D9%87-%D9%85%D8%B3%DA%A9%D9%88%D9%86%DB%8C-%D9%81%D8%AC%D8%B1/gacRHUa_?tracker_session_id=081ac4d5-00e6-447d-95d2-e634bbf91777_gacRHUa__N,همکف از ۴,۱۳۷۵,۲
شیخ‌بهائی۸۸متر نوساز,43000000000,88.0,آرارات,https://divar.ir/v/%D8%B4%DB%8C%D8%AE-%D8%A8%D9%87%D8%A7%D8%A6%DB%8C%DB%B8%DB%B8%D9%85%D8%AA%D8%B1-%D9%86%D9%88%D8%B3%D8%A7%D8%B2/gaWREH_6?tracker_session_id=081ac4d5-00e6-447d-95d2-e634bbf91777_gaWREH_6_N,۳,۱۴۰۵,۲
آپارتمان ۵۹ متر سند مسکونی ، موقعیت اداری,17500000000,59.0,ونک,https://divar.ir/v/%D8%A2%D9%BE%D8%A7%D8%B1%D8%AA%D9%85%D8%A7%D9%86-%DB%B5%DB%B9-%D9%85%D8%AA%D8%B1-%D8%B3%D9%86%D8%AF-%D9%85%D8%B3%DA%A9%D9%88%D9%86%DB%8C-%D9%85%D9%88%D9%82%D8%B9%DB%8C%D8%AA-%D8%A7%D8%AF%D8%A7%D8%B1%DB%8C/gaR1esek?tracker_session_id=081ac4d5-00e6-447d-95d2-e634bbf91777_gaR1esek_N,۲,۱۳۷۱,۲
۷۸ متر / ۲ خواب / فول بازسازی / نورگیر مناسب,19800000000,78.0,ونک,https://divar.ir/v/%DB%B7%DB%B8-%D9%85%D8%AA%D8%B1-%DB%B2-%D8%AE%D9%88%D8%A7%D8%A8-%D9%81%D9%88%D9%84-%D8%A8%D8%A7%D8%B2%D8%B3%D8%A7%D8%B2%DB%8C-%D9%86%D9%88%D8%B1%DA%AF%DB%8C%D8%B1-%D9%85%D9%86%D8%A7%D8%B3%D8%A8/ga2FPK7c?tracker_session_id=081ac4d5-00e6-447d-95d2-e634bbf91777_ga2FPK7c_N,۱,۱۳۸۴,۲
۲۰۰ متر *شیخ بهایی شمالی* ۳خواب ( سالن یک تیکه ),70000000000,200.0,ونک,https://divar.ir/v/%DB%B2%DB%B0%DB%B0-%D9%85%D8%AA%D8%B1-%D8%B4%DB%8C%D8%AE-%D8%A8%D9%87%D8%A7%DB%8C%DB%8C-%D8%B4%D9%85%D8%A7%D9%84%DB%8C-%DB%B3%D8%AE%D9%88%D8%A7%D8%A8-%D8%B3%D8%A7%D9%84%D9%86-%DB%8C%DA%A9-%D8%AA%DB%8C%DA%A9%D9%87/gabJI5Pq?tracker_session_id=081ac4d5-00e6-447d-95d2-e634bbf91777_gabJI5Pq_N,۴ از ۵,۱۳۸۵,۳
۱۳۰ متر ( شیخ بهایی فرعی تاپ ) دو خواب (سه ساله),54000000000,130.0,ونک,https://divar.ir/v/%DB%B1%DB%B3%DB%B0-%D9%85%D8%AA%D8%B1-%D8%B4%DB%8C%D8%AE-%D8%A8%D9%87%D8%A7%DB%8C%DB%8C-%D9%81%D8%B1%D8%B9%DB%8C-%D8%AA%D8%A7%D9%BE-%D8%AF%D9%88-%D8%AE%D9%88%D8%A7%D8%A8-%D8%B3%D9%87-%D8%B3%D8%A7%D9%84%D9%87/gar50iG5?tracker_session_id=081ac4d5-00e6-447d-95d2-e634bbf91777_gar50iG5_N,۴,۱۴۰۴,۲
۲۴۰ متر ۳ خواب (( مشاعات تکمیل )) ۱۲۰ متر تراس,93000000000,240.0,ونک,https://divar.ir/v/%DB%B2%DB%B4%DB%B0-%D9%85%D8%AA%D8%B1-%DB%B3-%D8%AE%D9%88%D8%A7%D8%A8-%D9%85%D8%B4%D8%A7%D8%B9%D8%A7%D8%AA-%D8%AA%DA%A9%D9%85%DB%8C%D9%84-%DB%B1%DB%B2%DB%B0-%D9%85%D8%AA%D8%B1-%D8%AA%D8%B1%D8%A7%D8%B3/gavBmLTt?tracker_session_id=081ac4d5-00e6-447d-95d2-e634bbf91777_gavBmLTt_N,۹,۱۳۹۴,۳
۱۵۰ متر شیخ بهایی شمالی + ۸۰ متر قدرالسهم,38000000000,150.0,ونک,https://divar.ir/v/%DB%B1%DB%B5%DB%B0-%D9%85%D8%AA%D8%B1-%D8%B4%DB%8C%D8%AE-%D8%A8%D9%87%D8%A7%DB%8C%DB%8C-%D8%B4%D9%85%D8%A7%D9%84%DB%8C-%DB%B8%DB%B0-%D9%85%D8%AA%D8%B1-%D9%82%D8%AF%D8%B1%D8%A7%D9%84%D8%B3%D9%87%D9%85/ga299qZw?tracker_session_id=081ac4d5-00e6-447d-95d2-e634bbf91777_ga299qZw_N,۳,۱۳۸۶,۳
173متر 3خواب ونک شیراز,64000000000,173.0,ونک,https://divar.ir/v/173%D9%85%D8%AA%D8%B1-3%D8%AE%D9%88%D8%A7%D8%A8-%D9%88%D9%86%DA%A9-%D8%B4%DB%8C%D8%B1%D8%A7%D8%B2/gaN4GskR?tracker_session_id=081ac4d5-00e6-447d-95d2-e634bbf91777_gaN4GskR_N,۵,۱۳۸۸,۳
254متر قابل توجه برج نشینان خاص پسند,107000000000,254.0,ونک,https://divar.ir/v/254%D9%85%D8%AA%D8%B1-%D9%82%D8%A7%D8%A8%D9%84-%D8%AA%D9%88%D8%AC%D9%87-%D8%A8%D8%B1%D8%AC-%D9%86%D8%B4%DB%8C%D9%86%D8%A7%D9%86-%D8%AE%D8%A7%D8%B5-%D9%BE%D8%B3%D9%86%D8%AF/gakN5SFm?tracker_session_id=081ac4d5-00e6-447d-95d2-e634bbf91777_gakN5SFm_N,۱۹,۱۳۷۱,۳
گاندی 120 متر 2 خواب قابل تهاتر / 2 پارکینگ سندی,48000000000,120.0,ونک,https://divar.ir/v/%DA%AF%D8%A7%D9%86%D8%AF%DB%8C-120-%D9%85%D8%AA%D8%B1-2-%D8%AE%D9%88%D8%A7%D8%A8-%D9%82%D8%A7%D8%A8%D9%84-%D8%AA%D9%87%D8%A7%D8%AA%D8%B1-2-%D9%BE%D8%A7%D8%B1%DA%A9%DB%8C%D9%86%DA%AF-%D8%B3%D9%86%D8%AF%DB%8C/ga2teQG7?tracker_session_id=081ac4d5-00e6-447d-95d2-e634bbf91777_ga2teQG7_N,۳ از ۴,۱۴۰۰,۲
شیراز شمالی خدامی ۲۰۵ متر ۳ خوابه فول امکانات,80000000000,205.0,ونک,https://divar.ir/v/%D8%B4%DB%8C%D8%B1%D8%A7%D8%B2-%D8%B4%D9%85%D8%A7%D9%84%DB%8C-%D8%AE%D8%AF%D8%A7%D9%85%DB%8C-%DB%B2%DB%B0%DB%B5-%D9%85%D8%AA%D8%B1-%DB%B3-%D8%AE%D9%88%D8%A7%D8%A8%D9%87-%D9%81%D9%88%D9%84-%D8%A7%D9%85%DA%A9%D8%A7%D9%86%D8%A7%D8%AA/gaWVQz0t?tracker_session_id=081ac4d5-00e6-447d-95d2-e634bbf91777_gaWVQz0t_N,۳,۱۳۹۰,۳
(( 162متر شیخ بهایی شمالی تاپ لوکیشن )),105300000000,162.0,ونک,https://divar.ir/v/162%D9%85%D8%AA%D8%B1-%D8%B4%DB%8C%D8%AE-%D8%A8%D9%87%D8%A7%DB%8C%DB%8C-%D8%B4%D9%85%D8%A7%D9%84%DB%8C-%D8%AA%D8%A7%D9%BE-%D9%84%D9%88%DA%A9%DB%8C%D8%B4%D9%86/ga2Nu5NN?tracker_session_id=081ac4d5-00e6-447d-95d2-e634bbf91777_ga2Nu5NN_N,۵,۱۴۰۵,۳
۱۳۵متر ۲خولب شیخ بهایی شمالی برج باغ,58000000000,135.0,ونک,https://divar.ir/v/%DB%B1%DB%B3%DB%B5%D9%85%D8%AA%D8%B1-%DB%B2%D8%AE%D9%88%D9%84%D8%A8-%D8%B4%DB%8C%D8%AE-%D8%A8%D9%87%D8%A7%DB%8C%DB%8C-%D8%B4%D9%85%D8%A7%D9%84%DB%8C-%D8%A8%D8%B1%D8%AC-%D8%A8%D8%A7%D8%BA/ga2hOg8g?tracker_session_id=081ac4d5-00e6-447d-95d2-e634bbf91777_ga2hOg8g_N,۵ از ۹,۱۳۹۵,۲
۲۹۰ متر آپارتمان زیر قیمت ونک شیراز شمالی,104400000000,290.0,ونک,https://divar.ir/v/%DB%B2%DB%B9%DB%B0-%D9%85%D8%AA%D8%B1-%D8%A2%D9%BE%D8%A7%D8%B1%D8%AA%D9%85%D8%A7%D9%86-%D8%B2%DB%8C%D8%B1-%D9%82%DB%8C%D9%85%D8%AA-%D9%88%D9%86%DA%A9-%D8%B4%DB%8C%D8%B1%D8%A7%D8%B2-%D8%B4%D9%85%D8%A7%D9%84%DB%8C/gavNRwBE?tracker_session_id=081ac4d5-00e6-447d-95d2-e634bbf91777_gavNRwBE_N,۳,۱۳۸۵,۴
آپارتمان نوساز ونک شیخ بهایی شمالی ۱۹۰ متر,120000000000,190.0,ونک,https://divar.ir/v/%D8%A2%D9%BE%D8%A7%D8%B1%D8%AA%D9%85%D8%A7%D9%86-%D9%86%D9%88%D8%B3%D8%A7%D8%B2-%D9%88%D9%86%DA%A9-%D8%B4%DB%8C%D8%AE-%D8%A8%D9%87%D8%A7%DB%8C%DB%8C-%D8%B4%D9%85%D8%A7%D9%84%DB%8C-%DB%B1%DB%B9%DB%B0-%D9%85%D8%AA%D8%B1/gaClDfDm?tracker_session_id=081ac4d5-00e6-447d-95d2-e634bbf91777_gaClDfDm_N,۴,۱۴۰۴,۳
۲۱۵ متر ۴ خواب ونک شیراز شیخ بهایی شمالی,120000000000,215.0,ونک,https://divar.ir/v/%DB%B2%DB%B1%DB%B5-%D9%85%D8%AA%D8%B1-%DB%B4-%D8%AE%D9%88%D8%A7%D8%A8-%D9%88%D9%86%DA%A9-%D8%B4%DB%8C%D8%B1%D8%A7%D8%B2-%D8%B4%DB%8C%D8%AE-%D8%A8%D9%87%D8%A7%DB%8C%DB%8C-%D8%B4%D9%85%D8%A7%D9%84%DB%8C/gatNqUfE?tracker_session_id=081ac4d5-00e6-447d-95d2-e634bbf91777_gatNqUfE_N,۳,۱۳۹۵,۴
آپارتمان ۲۴۰ متر ونک شیخ بهایی شیراز شمالی,135000000000,240.0,ونک,https://divar.ir/v/%D8%A2%D9%BE%D8%A7%D8%B1%D8%AA%D9%85%D8%A7%D9%86-%DB%B2%DB%B4%DB%B0-%D9%85%D8%AA%D8%B1-%D9%88%D9%86%DA%A9-%D8%B4%DB%8C%D8%AE-%D8%A8%D9%87%D8%A7%DB%8C%DB%8C-%D8%B4%DB%8C%D8%B1%D8%A7%D8%B2-%D8%B4%D9%85%D8%A7%D9%84%DB%8C/ganVSDn6?tracker_session_id=081ac4d5-00e6-447d-95d2-e634bbf91777_ganVSDn6_N,۴,۱۳۹۶,۴
140متر/3خواب/ونک گاندی,41500000000,140.0,ونک,https://divar.ir/v/140%D9%85%D8%AA%D8%B1-3%D8%AE%D9%88%D8%A7%D8%A8-%D9%88%D9%86%DA%A9-%DA%AF%D8%A7%D9%86%D8%AF%DB%8C/ga2RNDEz?tracker_session_id=081ac4d5-00e6-447d-95d2-e634bbf91777_ga2RNDEz_N,۲ از ۵,۱۳۸۷,۳
ملاصدرا ۴۸ متر ۱خواب (تکواحدی),12400000000,48.0,شیراز,https://divar.ir/v/%D9%85%D9%84%D8%A7%D8%B5%D8%AF%D8%B1%D8%A7-%DB%B4%DB%B8-%D9%85%D8%AA%D8%B1-%DB%B1%D8%AE%D9%88%D8%A7%D8%A8-%D8%AA%DA%A9%D9%88%D8%A7%D8%AD%D8%AF%DB%8C/gaoJl5o8?tracker_session_id=081ac4d5-00e6-447d-95d2-e634bbf91777_gaoJl5o8_N,,,
اپارتمان ۱۳۰ متری برج با کلیه امکانات در ونک,42000000000,130.0,ونک,https://divar.ir/v/%D8%A7%D9%BE%D8%A7%D8%B1%D8%AA%D9%85%D8%A7%D9%86-%DB%B1%DB%B3%DB%B0-%D9%85%D8%AA%D8%B1%DB%8C-%D8%A8%D8%B1%D8%AC-%D8%A8%D8%A7-%DA%A9%D9%84%DB%8C%D9%87-%D8%A7%D9%85%DA%A9%D8%A7%D9%86%D8%A7%D8%AA-%D8%AF%D8%B1-%D9%88%D9%86%DA%A9/gaQRbSm_?tracker_session_id=081ac4d5-00e6-447d-95d2-e634bbf91777_gaQRbSm__N,۶,۱۳۸۰,۳
